address,fid,username
0xe36d2f95a9b69df60dbf029bf7c4fa7d1ff56b90,3621,horsefacts.eth
0xe3eec21c2188d449ed806c9301407027ec912bd1,378,colin
0x6e7b64003c01c565781099aff53388f5d612f5aa,369,robin
0xafc29b78320e686820044159e4202700612a1332,473,matthew
0xb4b5b945ee9ce2e0333d42aaa87e23b780ca9583,451,pfista
0xd0636983cdcde7b2daa0f8b4fe67a2305eb92d09,359,pushix
0xd8e4ceefbfd3bc3bfc22451b9e548fcce2669902,4407,keccers.eth
0x0a8fba0971e8c004b34994de54fe0fb3829e8080,13833,kaloh
0x7532f04010419aee9513cb918bb3320dfb3d7809,66,tayyab
0x3d0438cf16e6bf871d1f28e18b5bb175762f3f7c,472,ccarella.eth
0x34520adcaccb7d698a038831ec00bdd8bcd3942f,1689,stephancill
0x302a1eda13b2539c962733b8ba817c2569fedec7,12142,base.base.eth
0xdebfff8d45e8e73ac4dbe2b0ed8ad46ad13fd390,373,jayme
0xbd48205f3582a89aa59afa9aff7d7c1e73ed8d96,358,corbin.eth
0x8d5044d9ee7cec41eeebef12b749e62e2ab9f131,1356,farcasteradmin.eth
0xb1b21884afe6581f3c4997b0320465f18e9682c0,5818,adrienne
0x46b5b8fc93b65df34e5b6998469ac8e4510bd59c,4378,gigamesh
0xebe9e50473a1dc5018e59923afba121cbdee89d0,274,n
0x011c9a600fa4dcc460f9864e9c8b5498c2835e5a,15983,jacek
0x8342a48694a74044116f330db5050a267b28dd85,616,dylsteck.eth
0x943f53cc91022a632b18efdb0c2a1ec7c5705b87,3801,peterferguson.eth
0x553faace7d64ee87a51d49a4517111d25a7b2d4f,762,alvesjtiago.eth
0x10fc964ef70c8467cd8c53e9ed9347422adf96a8,2210,kenny
0x10676738db9601c5af144a17c3a48c8ebda7e353,11528,jrf
0xc4fdf12dc03424beb5c117b4b19726401a9dd1ab,4482,deployer
0x7e1823f83d44cd0c570b45d54d2daffc85c0ab5d,4823,polluterofminds
0x55500894b526771c20b317c969392401bc377592,13505,jvaleska.eth
0x8d6230427a37986d25fe4d5b3d0aaef1b924fed6,366713,nikolaii.eth
0xcc8df7ab477ea26f7d4d4f2576c673f3e7bc5ed6,4163,kmacb.eth
0xf35ff7426e2dbe06305e71eaee7e038e6dbac620,1725,sayangel
0x307f9cc8650862e0815adf833b9125f4e0ed4055,5701,chriscocreated
0xd3015cc7496ea1ec539b05347323b1afeeefdcf6,280,vrypan.eth
0x10d14e9b227e7b1362ca7d4f7ca8fde600402cc2,9166,nbragg
0xd46168b30ae68b40cbea7d6a8926fa0753ae1c4f,13596,hellno.eth
0x7c467052dc8bd4d02068762213de94930d89d618,412,joeblau
0xee324c588cef1bf1c1360883e4318834af66366d,5708,timdaub.eth
0x52a457bde54fdeaf72199aa6a62d5c027bc8cbd8,6162,typeof.eth
0x04f33157bfbc472adad0e49c27daeee0cf6a2d1b,9055,usersteen.eth
0x868d077d5ae521e972d0494486807363e9d65604,6546,artlu
0xc2219d6f28899ff4da53fa93914ace3069ab15ee,5543,sirsu.eth
0xc2305f95d5858aa0112191ff086b6cea937efc62,321969,compez.eth
0x3e7b00da9c3df1db2ac18f5d9f675cfc0376473d,7732,aneri.base.eth
0x8ab28f456253ab9ea3cb592e846109c7c7a5db83,230147,edit
0x36093dac4826c84b459cad4453708a4172bb5ee0,233147,pplpleasr
0x4ec2789d470cdbdc56924547b17e16c3fdea6dfb,6373,priyanka
0x5e4aadfdb8e274e959946c43f974d9d3e06d19a9,537378,gmonchain.eth
0x3471523c17457ef6d2953cafcc73080c661e4d50,20442,talent
0x3268710d0c0338c60e89733f5da52c173fc0fc3f,18085,mleejr
0x53d529b0a809717ce1586bd6e397eace7e44f5ef,4282,matthewfox
0x4dc5c0384f06b740750b623b26beb46cbd4c4e00,16085,samuellhuber.eth
0x293f2bb46d15d6a496300a03e68eba21e17a0213,8152,undefined
0x9de8cc4b7c7c63407a077a245625091b1e7b0a6a,384019,kawaiinyan.eth
0x5d775bf2005dcd5248306f728cebe501a10e11f6,385955,degenfans
0x943fd3221c80139cdec4130813835b500b9eda23,879968,socialtoken
0x6100b29a235ebb272f4b10c1964ad9692ee67e13,268438,cashlessman.eth
0x5b030841bdcf401a2ad5fd04943106f456cd50be,262450,cooprecs
0xe765185a42d623a99864c790a88cd29825d8a4b9,323251,miguelgarest.eth
0x1c69a4f36af2afb21b760475666c0c4f2b0b1d3d,282172,monad
0x4fdf726e00bd91b312df9532f75b099dd1667b2f,190075,highlight
0x6d0e659d0e7eafcb5c61b07c66618c47610d02e3,6023,stevedylandev
0x42679953ef6989ab04c1bcbbd90e5a176c73c6e9,20111,poster
0xbf4977f1295454cb46d95fe7d8e1d99e32d8aed1,9933,m00npapi.eth
0xdd8a40a15f0fe67d4ec52adf0ee24489e8d8a58a,13874,thedude
0x0c65be17e86bcb6019148be0a4e8f0a4510a70cb,8685,markcarey
0x44a76788d2a59ddeb7e3a8496e86020985cff5cb,386793,skrrt-base.eth
0x442c463eb4778c1a576d5b80927b429756723014,8942,to
0x7350e063e7136234e0f114093c0238bd0eec6f83,1015309,farlegacy
0x8e7be2fcd6671981a0174749f99d92daef74a7c1,9152,warpcast
0x039b4234019fa7b205b2cb27e5b51bee07da98b1,17114,matchaxyz
0x91ad8e67e257ff4cd28d643cd5dc52d5e9f62286,13875,pods
0x2f05371f6b614ca142133c5ab4a8d6631a279fa7,403020,push-
0x71738f8ba6853cf8c3ec2b98ef42d2306480c6ff,1668,tomu
0xa9f7c123cb756af83d79ad02a216dc7606b8e58a,1628,debbie
0x77130abfcc6e99aeb8c72fa4a1bf1c71c8821fb5,1058691,noiceapp
0xf2fe4dd9a86ecafe22424bfb6085036bca7835a8,16098,jpfraneto.eth
0x6b427f6fd0de038b3af23863575f377dc6f24908,1049801,gigabraingalaxy.eth
0xc2926a39d0d88d4c1b227deb933022f1492e818c,11124,ds8
0x308112d06027cd838627b94ddfc16ea6b4d90004,15549,dish
0x09b55b6c70e3ff2ff79358d81f5dafe5e5fbebbc,350911,compusophy
0xbae45e042aeb115ade51205be721aacd3610c8ab,193,derek
0x47ee65077939f379e377f92e98889143bb263b9c,397971,towerecosystem
0xf16312e06b4d9e1f6398a2e5b273d30feba58903,6131,neynar
0x1cee629ceb06538874f30ead124c004cecbeb089,6591,mattlee
0x30e5a4e6a52b2d6b891454a0fd04938732c55193,12938,ashmoney.eth
0x3cdf2b91dca464f4683650efc9d5664fe7d7bd71,1046430,inflynce
0x05c8f464cbf819e7ed672fff196fd046137e8e7c,4013,luc
0xb562602834265ae096656e1621d30f371231b0e5,2420,4484.eth
0xc6278fa6b38f429e58c4821dd61fc8fc6b20cc4f,3346,haole
0x139fbff0383a023ad139f9359943edf78dd9358c,1353274,based-karma.eth
0x2b6ef4979c3eb37932dc916b513388a0029213eb,381068,imagineinfra
0x7f2bbcddc6458415aaa18a88b788935ef6f7b816,1093494,procoin
0x7c6f3877c942089866b6ca13c2f58e94cfe72978,5713,streetphoto
0xd164197de2af458f71ed0c6097c474d7252a6f3b,1106422,popfi
0xdc65ab6cb686664229afa0aafff8a6f3a1360abd,652493,b3dotfun
0x27bcc2c052f49a24bf5fff0d4c136ae7d208ee85,1041585,qrcoindotfun
0xa272bc9d6f462f4f08849adeaf6e49a5d4430c38,230238,mvr
0xae57679fd25eecfa7a34f91183e25e50a24d8e4d,1047658,betrmint
0xe6cfdaf74bfec00fafde9724a46cb052548c8488,249702,0xanas.eth
0x2a6b39a5747b2a2a900975a7199abb3e537a68ed,8481,yar0x
0x0db12c0a67bc5b8942ea3126a465d7a0b23126c7,977233,jc4p
0xa70b06a77d6a0a846a8c85d603049ab609757ef4,8106,project7
0x93c83fa23cd6a518955286cda144abd135f74ff2,21417,ethereumdaily.eth
0x5d67312909643f91bb2bbaea8f27c395b6f629d4,1864,sammdec.eth
0x23fbc6717de6cc580f5cbc2939c253c0d17d7f35,299853,basewtf
0x6c122822dfbea334948b9cb2cc3e600fde275879,1082,vinayvasanji.eth
0x90125f9e5155f4965a2429d9a4b40283341d5ba2,446697,zeni.eth
0x83179fdaa28fbb4ad86b02e59eb3c7b0cf51e004,19832,thief
0x58315c689b483a66b951edefabf8847c75e44b45,18224,walletconnect
0xe1b9935a240898f447131b0ef6f2928f1f02539f,880094,anoncast
0x0bd6b1dfe1ea61c2b487806ecd06b5a95383a4e3,12152,pirosb3
0x089036a0835c6cf82e7fc42e9e95dfe05e110c81,211769,laequis.eth
0x5cf940e02308659d4203151ff1ba806e38efbfa9,2201,carlos
0xbb14db9f60e806846335f79481d998abc66efc20,466111,svvvg3.eth
0x81d29f93a5a55936598411085ea9b171b7e025b4,269091,nickysap
0x67f696d04ca0c4c1fc650df8cb2366399dc81f46,189781,dylanabruscato
0x0aadd2e08f1bf4be8b82ca6e402b7b76b3db76e9,15732,kompreni
0xaefbaa40ba91f76cb470e96c397aeb064e6e547d,6946,floc
0xccc242144041042c3709cdd18d60ecc16669460a,17940,metaend.eth
0xd538c0cda944b1450fa1e353b6a464c190a466fe,191042,atown
0x4d8a26a3385d41fa1736801594e17a0af3c6f4fd,441956,arrotu
0x8bca3ba66e1dec204dbf16d8c61695d2eae780f9,325741,farcade
0xc143cf8515b87ea88d8db8a9892639b5046cf81c,267104,femmie
0x32832051f922717a4556e58cc14d922928ea9c96,348814,basefrens
0x545275e6098eb53b964a4787f14e49446568ad0b,499783,tako-unik
0x667e92395c40cd05ab560462c823b364d833f4cb,645771,rodeodotclub
0x7ee0b6ee0eac35170f38161b13cdf1669ea4e53e,20701,chaps
0xbc9b50d89af9cbeff1652f8e4b2052e12efe9915,8109,victoctero
0x14074a4dc440230523a9fb7a0ce6934a6118e7c6,10215,zoo
0xdb2979fdf689571dd1627a633d69716d39d919dc,738574,kokocodes
0x572fef3d9a1712c7d449c7e15c335d6860328086,4044,alec.eth
0xd865cd7ccc91f83692ab330981c3e3e9d7a0526a,5254,papa
0x6ccdeefb010e4dc05bec7e2bfe2b675b7434d40f,3391,ok
0x3fdd6afed7a19990632468c7102219d051e685db,357897,bizarrebeast
0xbde9500e8726032f1ad0876b76ac0b4923b23fcc,19129,sinaver
0xc78952bc9c9d09ff00f0620106052bf4daa0b872,328757,gavior
0xd697538ed635334074c4c80370e9344643aa0dba,2073,moe
0xebdd51cbe63c16414bebf8876dd33b72f756953f,191294,benbassler
0x463ca53503f23b1641c93ce36a954bde48cd1ffa,1349,avichalp.eth
0x9a97068d25987ec6ba36afb3f36a9c784529526a,389808,disky.eth
0x6142569d2461462a42f97d6ec870a5a3196e7974,268009,ritukumari.eth
0xcb70a183f87694ce924688d5ee9aa1fd8fd15aa7,12312,paragraph
0xd2a2f1e6d1140acd6dc59e46eeb0e88cf1e050a5,938363,vibemix
0xa9eddba34664b3cc89f7a6dbd34298f87d946ebf,20929,syndicate
0x93c46fcd653c946083bd6528205c5e8cbbb896c0,324420,bracketgame
0x65e3419e633833df1d602e7905cb9c7e541f0849,477126,catfacts.eth
0x933e534d637ad2bf95f0426a2fd7840d466d6dbd,415368,saxophone55.eth
0xbcfcd3bb907507a123f9c37e920ceb5c8db56feb,217248,myk
0x9d5471cfcbadd4700f5287125169dfcf6091068b,291686,tatiansa.eth
0xe900bab075b3fd8b63d4be79dc2d81409f205a37,980410,ampsfun
0xfc1ce20cb10364a156a478d64a5295d142f443bd,758860,plato2earn
0x48ee21b489be1427da96d609e5d27e92014965e7,382802,askgina.eth
0x644e09bea250a6edd577271b0be08d5fb29f716d,427349,dosir
0x8113b575b64de2788650393fe77f83ae21a8e95b,18581,ponder
0xdc0bddcba14b6a4529d48291bd45c634f8b17a15,1575,pl
0x83c194c4fcc583329dc2cc4d3c89df58f2aeb45a,283597,wanderloots.eth
0x1ee345c5d2fa7561cb02b7e8cbe076f96e5e264a,6741,sean07.eth
0xcbf37605a4a169cb16bf18f01329ef218df32f93,7589,lior
0x122b561df0fcbead160293125fd0bcea3416c2c0,469678,gayatri
0x858dd9df775a058a37a6c2694fc2f4922615b5fe,194372,roadu
0x7affceffc31d3379662c8ce7ef987f07afbd8d65,2824,seedclub
0x7eb15854b99c419fa3aa352eceb1626ada45baf7,4275,m0nt0y4
0xc112b45bdde513d9ac873a3f25d9a470de63a34a,5395,0xconca.eth
0xfc57198f15bf6b4e0c849d3b3e6d0d0a5e0d28b1,4408,sammy
0x9edc204717d8ddb567be23f395276fb5bf485f3a,1427165,blarp
0xffe16898fc0af80ee9bcf29d2b54a0f20f9498ad,1356870,vaibhavmule
0x7a9e867b6595828fe1dd1a28f9659b882b4fab1d,6097,flick
0x719ecbb80ffac0d1ec1770c3075e71b804322e87,292008,outposts.eth
0xf28f54252fc34835bfe2da58371a502847ac46ee,11512,iamng
0x15e0c4889c515dd2c3bf54e711cdce355eac4205,14607,frontend
0x8d4524b00b4a85e7ce7f408b59502ba2319308d5,7910,rch
0x912e0e67c73ce3f644b14af56330262e1a7909f3,2728,iammatthias
0xbf980488a46ae411b82eb822c8c8fc365a948261,294394,intori
0xe351edb38fff6104e42956cb2c1677b8b99242da,352723,retake
0x3157497b82ec91a234f11ee44553d2a303e8d59e,1021214,marbleheart
0xf447b4ccf3c4f8b158102cca9e88f48e467a21a6,10956,1dolinski
0x9f5fe398f2c13245a4ab72642d300f79f1fbb094,380950,lovejoy
0x4f389a6115163b70f3bef734df754846b05a5102,399693,spotlight
0xbc80a0ffd9790a634748c81282b60073e6e8f0fe,1020939,kinglion
0xb83813993b5bccdc9a538b292470b3901985ea90,2902,falcon
0x5429e2551de324582a81ba366aebeb38f56783a7,746,codyb.eth
0xce3aff2e781acb95eacf46df75323f9e171595fe,888817,basedprofilebase
0x229be62a10aac36bad04df2d99b10c47bca44b21,1103116,maindex
0xcff331333bf8ab6b45f71da68789bf874f84809c,832276,trifle
0x500feac66613054de1533641a78d6c615faee9f5,886265,harmonybot
0xb9f13fbac92b837b42ce2dac2e343e3bd799c773,471003,owr
0x9d4e47dddb023c572fb331e1ffd5fc0d35bfeb49,987581,warpslot
0xc1ca3860ce6c41630563f976b9872aa03bb4e654,8637,shaya
0x9202b5a568959a1a65ce416ec566580a18474f03,360439,azflin
0xc916048820cec132ea46fc2e69b131b1324391df,17652,pratiksharma.eth
0x956fa79b6855a4660fcdce28cdf96c0042e6e2af,217261,duckfacts.eth
0x03daf2bebe483a194e1eb02957a825d8ae1197b5,271985,rounds
0x21d7676826fc3bab6dc8a0eff2b3c70389fdf5cb,2172,quest
0x2b3fe8014d3c6c74419c8f6aa4cbd307a701e4ac,17582,rphgrc.eth
0x7c3b6f7863fac4e9d2415b9bd286e22aeb264df4,842363,jumpbox.eth
0x7f748f154b6d180d35fa12460c7e4c631e28a9d7,17979,harpaljadeja
0x26ee2a358d36883f4f72f326ccd3efe3732a02ef,8151,if
0xc0eb7332bbeee2be672387dad7d35734f352bbe2,867994,betswirl
0x59df36a24d8daa59700b366cfc5a3347d1a7291e,874152,thefirm
0x01ef564619bf0d492bd6c1d4d708b75856d43d1b,270415,maxbuidl.eth
0xbe4b374900f70dcab73a437ace8ef41a13d032e8,474817,attilagaliba.eth
0x1f2e7f85cd782f4f73eaecf3d3e364bce7bf77bf,210657,hypersub
0x42ab6bb431ce40507e5943b1debe1dacf1f703f7,418671,itsai
0xd20db829bff725a4f2a7ff4aa116cd4241dc00f9,1016411,worqas
0xd4d065624f7d0f2b67f454903bc7ad24d65d1d0e,369863,diviflyy
0x4c329de465b7bb6010d55aa05daa06232dc94a18,344019,tike
0xe84a71b39f4cecb5177a32ab25738fc9f91ac31d,244440,shira
0xc36955010c2073bc98a00bcbffeb76883be77f98,17838,nekofar.eth
0xa5869e7ccb266af7ac608cfab4cedb64ebcdb89f,249078,boostxyz
0xec0af03f902171bcba367f180c2d1bfb3b9a2ab6,1345148,feyprotocol
0xbce1fdd6c57d7eefb63118454b613f8c30ac44a5,385651,mfbevan.eth
0x5c3e19a8716c4d5b772a50d6dd134e8edeeb3521,9052,akshaan
0x7fee69f604fd485c7ea21ba3180df282fdfe8c58,344203,dany69.eth
0xc934ce64152e2a846a977d51060356a9e5ddd351,17714,igoryuzo.eth
0xc3b1505e1d6189a88c07d5db44d7572b153deb3e,1504,chaim
0x2c737c6c4ff08adc67c8ec5c96a30f655098a6dc,2383,kaito
0x2cd003e6dd704d0806545d028221ce5b17ed7b88,1132540,ripsapp
0x28bac5454f00efe0f9ac60878be0b290b781ea40,254376,slice
0x891161c0fdd4797c79400ca2256a967bd6198450,7988,hurls
0xe80baf30193f068822e8f327e17371a49b7eeeb9,377557,jonbray.eth
0xc15bbf28a96b380550973354ceb055a17f53d833,20258,nastya
0x0d955488ae18762ce028b8c81dee01321791b527,791687,twochanz.eth
0x06b08fb82a4697b73f2802e42594b7d9a296caf3,235215,morpho
0xb254b4149bdf2cad2687149fad0041e4ac767aef,502568,bluelizardo.eth
0xd5f1ce1639e5af9e869f60d59c3769caab1ddabf,875741,alfaca
0x2287e62d1f9715aa132aff90cd37cf57a507065c,12193,atlas
0xcad8e52e12b5d2c96059fe2562493edab83ce6ab,4423,payton
0x05d912c834bdbce731fe9250e3e8084b24dc5198,443225,hamta.eth
0x49283c32f136307ecf6d1206c4e20371f232d34e,1086061,scratch
0xa41f6558a517e6ac35dea5a453273aa4f31cdacd,20390,sohey
0xbe95bb47789e5f4af467306c97ded0877bf817b5,420564,gabedev.eth
0x1491d79dd8840ef3f9d819832ee2c591a278daaa,196648,nonomnouns
0xff07d9df3f68af0011b8955e4d5535962da85430,17064,standpoint.eth
0x2247bc5b6a1af707693270c3fc394fbca4536604,268290,breadcat
0xfe433dc9ae98ab75dcae95a9107b220b5f661ebb,4632,yungwknd
0x707d9defc3c6620696594a0193d5273cdfb9eda3,10610,sophia
0xa6fd7709a3cc8c04a82ed6e9a710f1b3f3616839,4959,jmann.eth
0x9644f43f12e51f3b2cbd42345d726bc241cf78ad,702530,hunttown.eth
0x25744657fb28588c69c4d545305883379bfdfb10,188926,privy
0x5f777212a3be166e99ba6219b16ed091231496ed,1251798,charmsgg
0xd43a684555782c74d6558df7be41a27482a814c4,210648,sweetman.eth
0x39a84ffc7ebef9b97fd609051104c1d6376a6db4,9326,abundance
0x94fd54e44e0e203b984f53d4d792e42ad1f15a7e,144,rz
0x2faafe84cc53886223a7ead856e10ca52eff4af1,899,jasonkim.eth
0xb6ed313dc31fc60d38ca490f3061799793c175a0,1317071,recessdotfun
0xc75446a6adaef73269dbdece73536977b2b639e0,190000,ruminations
0xbfd5e940b2dc6e1192384ed4874a499f1ac5a970,18148,titles
0x409538216575caefe49af5af9b12ef4b4496041b,443855,arsalang.eth
0xe5574554d6a4be5ca39f22990492d756ebc4d6c3,938091,ozmium.eth
0x3cf87b76d2a1d36f9542b4da2a6b4b3dc0f0bb2e,242597,doteth
0x55cb851e833ad6cc44a718b56a72ee5726f7819a,479,0xbhaisaab
0x4c52b451d1d37da984896dbfa8e371baacdfeebf,828888,scoutgamexyz
0x5a52d4b820ae7f02880d270562950918acb14aa2,240260,nodes
0x157c45ca10a026d3937945296155bf79091d88b4,378176,nfthreat.eth
0x50cca5ed8b4455fbe316785269fc82500b67fd48,1791,andrei0x309
0x6f0f9d9537d97e75476f34affe8b7b6b38c0ec05,1230243,hopiumarb
0x0f89b39e54018a78be4df2f59aaea566e07ef62b,422333,dalresin
0xdd683bb4ca900c1f862baf5d9b6050277750d5ca,14241,apoorvlathey
0x8ef173fe38a94a0ab7ce5409996a45497ae375db,1043408,quotient
0x13156270215c4f33162f19c4739b8eba61b4dadc,5260,nishu
0xeb77e2d59fbb47f49bff48d35f08c745c7aeb352,252936,beerguy.eth
0xb387175b8b9ec0534407cafc2919e17ad89260ce,355271,!355271
0x5f138c8135a0a2951883e830a5e86bc39e8457df,291752,return
0xcc0039f959cb397d3280a7f57633c9a10846b781,192260,metopia
0x94045a3f35848117ccc539634c9c9723612808a2,2240,metamonk
0xa2b0405506b13f180e83a66a9903a839b6cbcecd,12785,bvdaniel
0xc0e5e0e823adf148b4c39b96b20848d29ccae188,1733,nezzar
0xd2324d0179198edbfcd25282b44bf6e5e317242a,1768,0xspencer
0x13f670991d138758c9fb8aecc9852d0bfe2dfaed,192300,chrislarsc.eth
0x463b1e8e78b28027b423ea6f00695f01a84efe72,483713,saltorious.eth
0x8cbecd002911697367b969a1a54c3d085a6728a8,98,kartik
0x7e23a9d1714e6d3b9d15a039837b658eada46244,246557,panik
0x477b7fcf2879fbeecb83781509a4ef73d9d84ed4,423406,ruburi
0xcbdd3fc4bf1a84ed4502dd78644688c3c94e71a5,12219,icebreaker
0xdf9a6e2a7ed7c63a617874ed9680518ecf924364,1087082,snsdotsol
0xcba8fa19754887b9f98b624ccfe559749a019f00,1051675,revealcam
0x06017a1a0db58f5673091213b68c4f66b17b877e,1446240,almoapp
0x6c21f4de5d6e83569316873297a62a0f2c495323,373904,anacarolina.eth
0xcbbcf40247425932d728585da2678567e7f8e42f,7472,goldie
0x4d1fd46f87449ffe235e3fce21df8a9bf8bd9206,206967,netnose
0xd2d3ddf504c7a10d6f0a89e511c7936789c0c07b,1482,tch
0xb8d082f568398a9ea6038faf0b3f7e8b093d2ce6,405941,nkemjika
0x939da108580f89cc0d47a407d93dc136545fcc73,1017348,nodefoundation
0x63d893001d3da88414089206d66d79f3e1a6e211,631561,tapbase
0x1051611fabb55002201ed71aff34a8dd65bf5743,468,davisshaver
0xa99201a8fddd43a65b42e125660d0c9043a08c20,239396,oxdev.eth
0xf18a031f5b23cc751d7d90873d129015a3dd0139,21093,tamrat
0xffddb7c78d466f7d55c879c56eb8bf4c66400ab5,592677,builders-garden
0x519ee9139888ea2e768f5a023151975c2cae64d1,1266109,blackswanwtf
0xa39ecf9ef921fd150857c652f8413749e01ab653,377666,buoy
0x78c825b3bbd9c08d0809c327ab042764c4d327c5,831549,lib12
0x0a70ac835d68ac5bb450b15af22499197c913646,13642,3070.eth
0x829d69e9dfef3dc1e72bdce25c806e076d0d06c2,1117285,denboapp
0x42b6b0d25d502f07ee655ec5b90fe7f3555641cf,234692,tamastorok.eth
0x8c89ea49e21c720bfede67e19088dc2c468997c4,1023723,yazhisaisivanath
0x5c03c308b2ee6635b8aaf49f0e024ab2ac48299e,402621,harris-
0x8289432acd5eb0214b1c2526a5edb480aa06a9ab,12580,wslyvh.eth
0x9b99b5ef89b5532263091ee2f61c93b263e8c15b,499880,jobit.eth
0x215c866cc8290b5c81747721c1c1c44173fe86a3,3323,aviral10x
0x8a6472bcdf34378c81140f8122032849061a7b12,849768,dxfareed
0x28e416651ac0208619f6bc5c680825c8e5b0b684,1097059,cultsdotfun
0x2843df91df16e9b5beea7b6629684ba8b6b9e8dc,193730,blainemalone
0xaa3aabd16ac378ff1428b2715217a6b7ec870846,209708,keremg.base.eth
0xde1b5fc199556e19707f710b1ed0a226407b66e8,3078,elpizo
0x6f0e788afa3d5458a92f7f82bf2dd878430f096f,398800,basedcoin
0xd2719b1ff260d5d7221a3875172492869d2d2d64,8136,xxc
0xca770bc29d4767aa34c353b7f58da591c1f8a19d,247449,crystaltai
0x361dfda6dff13f46c8e67351979c821d28c9dabb,1114650,gemoon
0x2d1882304c9a6fa7f987c1b41c9fd5e8cf0516e2,20721,skateboard
0x9921571d3f2b9321c1148bf0f87237c90450973a,236454,zemm
0x4cc27700818b9045e7318db7e4c195f94b8ce1ec,211246,filter8
0x4afd5e22948b4be806cc65e91f05e14367e31abe,513194,onchainkitty.eth
0xc8ff77cbd6ff88d5148d041afe2775e9d3af2b2b,20265,esports
0xc3f76f33a7c5860b0be7991c324e2504d43f0ce2,1448152,x402rocks
0x952e8f0cbcf3d8bf0081756a8d18ffcd727d3ad1,1162357,kondo
0x49db5a1c9fef0e2f995b46b0b71bebbd912bf0e3,272109,heesh
0x17f3c6ef15395a641ac0695b08f0a1eec257f48b,230185,rostyslavbortman.eth
0x7453f2fa4b9e0accf5dfc6e1eb56f96b65d3756c,376106,nik-navdiya
0x42f94c87084dfd42c9b4a06c2cdfbea7871810b3,282355,gauntlet
0x656be385784664c582b12971f76c85183b2295e1,239077,lazyfrog.eth
0x674b6b21bf5f8ad41d733161c026ac81727552aa,11889,thearyanag
0xea99820c3fcdcf7de06c598ccd3ec9fed83eb1c4,17592,vmathur
0x18a85ad341b2d6a2bd67fbb104b4827b922a2a3c,8573,epicdylan
0x5d70dedd3f66e1cf8fd1b40d5f8214a8cb01bf7f,381066,berzan
0xbf51373c3f03177694610b4066f254efabdf3f9b,262800,itsmide.eth
0x72614e76ad6465a2136197ed1660f8a06fbbc441,188955,banta
0xdd044684cfa651c491b844ae0e8646ad7c56205b,12163,jaxer.eth
0x1563eef7dc135e7d8c6c6793eb5538da5ca6e596,1252503,cobuild
0xd85395def3d633e786291bf9de54d324eebc7917,1108574,harshshukla
0xcba27a19eba7587de72502a461a021cf53acd8ff,513318,0xsayan.eth
0xe423b19262ea8fbc68ab9509f90080ab6aa1930b,318845,acgk.eth
0xc4c756fe8dc9fb8b4936438cf5a1bacac25881dc,788096,dsart
0x5ed92683a2ea9d1f6e3ab8bf7da6c331131dccc8,245035,crossmint
0xfff5710006ceb8962bbbe229213da70dfeadc822,1114449,eth-5k
0x3e86688849b32a925a13c2e4f1fe755b0507bdb4,331543,cassini
0xad80780f3c02b141377c089083cd6f241433c5f3,365010,imcool.base.eth
0xa69ac04511c121952c72506118d98d28044ba941,1082469,semi-infiknight
0xceac422b0db8e2924824b5ca4741c464b9b7b6f4,1117113,jeyloo.eth
0x78f4a96a1ea8aed34091e4ed56b3d3fc4ce48849,194519,polak.eth
0x4d6b1620e88e416dd2862c7061890e4cf2b8bf62,20066,applefather.eth
0x1ebc62ef26a20729222195d1fc8c023fa2da6153,540118,gotlop.eth
0x47f7ea0dd4418aa1cec00786f5c47623ac37ba42,10692,starit
0x5f996150f8575b53013ef4360a3f89cace4a77fd,1046308,bario
0x29d72224e3f84331ed5a49ddbfff685b12489093,387207,cattown
0x68dc0bb94ee9aeb03ee34aa78405006ed88dffbf,16969,johnson
0x50b964354e6848e9ca917d298b328ec67785cd95,1328810,rep-hq
0x64a571634e77e43999d80cde959726cdeacd65e9,1115786,vibemarket
0x743a2c7dee7e4b7fdae946c4de02273a20867395,822727,xppaicyber.eth
0x779816da803e3f69f6f06f9679efc442def1bbb0,12977,huugo
0x7ea45b01eecae066f37500c92b10421937571f75,1022212,lifeisatape.eth
0xe51f63637c549244d0a8e11ac7e6c86a1e9e0670,1020251,trenchverse
0x16ded57181988c27d67f64d7ed826b66a168d37c,1142647,propagandanow
0x3c310ee668932bdd7049cc6fc23b6c8600ebeee2,303158,teller
0xc9fe257e9d28f6ff93f246163fec89dc82e17f48,1452179,newclankwhodis
0xf7d575aded767ac511b7833c141040235b77da61,1366672,morgenetwork.eth
0xdabdd8b7b207fecec43bcabe9b28ad82d5aabec7,414320,banyanplatform
0xbac678e74ff708646031efde19b2cda5d9879856,238619,taylorsizemore.eth
0x6729a86557e2690cef9c88029225a8bbb4f6748d,1454055,farbangers
0x97675f03d65fab7371fa2beb3dbf9c6842c8d525,251619,0xfrt
0xbfc5f3a1cf3b2017c2ef766607b6109feba8747d,263373,onchaindom.eth
0x76211da24aedaf913a7795e814e59011cdbc4264,340678,story91.eth
0x23d01aaec4ef68815da179a1370fca163b7f4c36,20844,operator
0x4b358911d61eb6613e7f1e5779f7bcfc10b77284,654688,razecu
0xb315c99a22b1873956a12196c12cf28e4ff60960,497864,collectr
0x5866e6b746f6e0652b48cc6e88e8a8f70cbe0a55,1051659,paperview
0x39866244f4e27e186fd01dc20f56d347e6cbf4c5,15104,anipl1
0x6e12d5b41c031bc6d9e420ee39fdfcf6ed023964,1096742,hydrexfi
0x2071262f5f5726f239d368c4d94cd7dd7cedaed0,309053,payout
0x161887dadb5864684a07e380f35514dd5d8bfceb,882184,truevibes.eth
0x657280434da1259f2fd853d6e17e85a86c3030a4,384969,secgov
0x5ebcb8e2b692cfaa76f56e759851279ec9f83cd2,776590,vivacious
0xdce69dc54af48e325325e279887fd3fbcfa09109,859148,fraolchris
0x386182dfdf65c1f0cf8b130061b8d4549eb91e75,1367570,indenfi
0xf4498e0aa0ebee6da49a82049b529b5b43df5a50,864314,curabot
0x24cd0ac5114efea4bd3a7a51c52c170b39a97416,978438,3wbclub
0x9967658264c866a79d8958ad30f2c8935b215193,967959,ethcash
0xc7f8c883614e10b52daa5c5debb7b5c037152784,196800,daoleno
0xe313205d1c4782d5d66b0d8a23f2f756de201f01,319264,optimismus
0xd21224958c49451d444c1d38dd64251c403eb25d,18883,notswizz
0xfbaf83a0ebf893895293509e33bf4ff9353934e1,488074,bandocool
0x594087b1c35823f80b832a8de98db54c28c2f702,924581,aibased
0x55c046ef7e00a5ec8d2409a12e087e7dda64f968,1117286,hashhorse
0xaf5c1571b834df59041f57a688a99a10958d9ac5,1043177,trimaxion
0x470b65e9ea7844182fe80cd07c818ffc36664be4,802090,lopezonchain.eth
0x315cf353832fd70e640e9d5e64c43fcfb7f22853,868397,dwddao.eth
0x30f0aef010e5f3e33bdd2eb555d4e02377b9cad5,497095,dry-tortuga
0x364067f567166c5803f4b6234745450b6d791d9f,868887,flowstatecoop
0xf4caf65eff21585a30a4b9fbe3fd925d01fa23a1,1093215,uptopia-xyz
0x1c815fb89a930b08adf47a7e0b6fc5798515596e,1017825,apemash
0xa4b80c8b118c50a292a8597a2ba48d9e6eaec8dd,1080942,tipdotmd
0x2dd057101da52076e846dcfbc23b2aa3f1fbae8a,190915,minhhung
0x640b9f244c15e950302180341ca02254ffd5ebd0,222896,llamafacts.eth
0x2d5a27e33a0b8ed09322668d94ba5b413daaa2bd,417503,benionbase
0x2dd4cadb9559002a3bc4dbfb2dc0b0a277624aa0,13950,quidli
0x101a25d0fdc4e9aca9fa65584a28781046f1beee,710,johns
0x99643908067f7f264785f640cfc4c3eddfcc95ad,316167,fots
0xe4b38e628ca2632a64bf8c8cf7fe0fef9e1f17b5,956897,basketdotfarm
0x92d37148012968973aad071410a40551154157ef,14582,megabyte
0xb2faad1ff78a7fa655cc218c431bd40f0fa5f7b0,1045258,brianethier
0xeebdb19382617a5fcf3423535074e512bd3c38a2,1108453,haracena
0x3119492160016f93e0dc25a5cfecc3f8e478355c,1446214,flipcaster
0x0bdb19903438e0aeaebcec2623d048aa03c08378,971492,cbeav
0x399945698458dba2eb1ac94cfd2efaa8ad97051b,281602,pepecaster
0xedf16d9601ec4607caa93ea7b364d3ceed69cfb6,1046333,onchaingm
0xe1efdbe11b5a2382bbfad5818b0989eb38e85624,847717,barabazs.eth
0x5eb179108f5a358bf205feefc10ef8558f211978,19675,caps
0x4b5a07d81e6caa028ab8603a1e6a8c5ba78a69bb,6861,boredhead
0x7ef84b66d9dccfe5b2cb7897731d60a4311b3f8f,9429,locoblock.eth
0xd128a262145dc1dd90164b37c58ee4c42fb4d49d,864674,onbonsai.eth
0x85bdc267537f856f2e23a878c576b586156797e0,675829,mcilroyc
0x188abdc27c8b1c74651bb895893147762bb5a605,661325,basecolors
0xd835e0aec1da4030f860b777b9970c7e4d639d24,1049624,zoolini
0x716688f17a6e0c9449a085d649442b056763db13,19816,lore
0x1d5cd8fec9d6ccdffc57be76addf3e3712ccd3d2,1075899,kshitijgajapure
0xf68e2eb1376a6e6de86709257842054647523a0c,512687,falazen.eth
0x097f1564d1781d91a4887dfbdc9f3724910385df,286812,allemanfredi.eth
0x48ffcbcabb0b10b2a185d398ee67c48080b9d7e7,13837,patrion
0x9a30c613cc905705c430bff2abc1cb62106cd533,196328,r4topunk
0xab24620dca851f82427639a6c80c03c00ed18995,187713,semidoxxed.eth
0xf9ce34dfcd3cc92804772f3022af27bcd5e43ff2,341646,elvijs
0xfdf5f29ac42c298d9fa1e68afefaf7a997a5011b,234658,serverconnectd
0x33ab60635b97daa70b8318e47332351b1288420f,241060,gn0madic
0x07b5fd0575c01b6acbf086fcdd4b80f28ec7445b,1020677,livmore
0x47beb892d2424599484cec6ea8014fb31a0eb844,388569,ademclk
0xa01e9990fc53460d5f83de41da966a7e576c9577,368767,0xshishir.eth
0x159a514cba2941d3fb5f3bc06237ea3531200748,372088,dudecaster
0x5faa864cadef8a3a2f0b6a0a2fdc83c1f3ea6c9d,191485,endaoment
0x404b82763bec1b84d732c23768858640d90f716c,1116544,lidonchain
0x6219f7f33a59b1a391c0b9e3109c4dff681e51da,2483,dakshk.eth
0x520a4d00161848b342b8fddf9fa74a94677e226a,429919,happysingh.eth
0xe1887ff140bfa9d3b45d0b2077b7471124acd242,242440,banklessacademy
0x836124c38e966ac52d8c4824fe9bf53e16a74dc6,384715,ezven
0x717b37c3451d94af45852a6ef9e588cc333de815,193874,thechaingamer
0x0f8acf0ee78b0c325036e4851b40698f96390dc0,261334,polynomialfi
0x62a4d0cf0adc23725e4e042a7863e42c9e955fcd,17256,mathieuw
0xd32e220b635af64f22166784eb7ffa88afc15011,9048,kyu
0x07a7a0e00b98b08030a9ce8cd33c70734c462e0e,1314916,send-it
0x3451a6590f7507a8d5d777f21182cdf7a85aa013,9695,arjundureja
0xaf91545bb5dae3ff92e3f671fe17593cf5bdab42,321015,fishmarketacad
0xe8678e91b4949cb0a46bb118e1784dd6d4a14fb9,273570,0xvsr
0x12859d66a5298a749a4b61ff0a465b8b91c8836b,798872,defidevrel
0x212db45777fe95d7b6644f676aeb0e83f8eeb8b7,320414,ombruja
0xdcd86a6e07dd82c72c391356fb1c85028a6e9772,479170,ardaddy.eth
0x215dd364d1f2f1b78acda6596d6dcea8fc7022e8,385897,h3rtz.eth
0x2ee7f8ee50d22917d46d953fcdea9f17bc3e4a76,891914,joebaeda
0x2afcb1e85a9fea628ccff4344fe0b1807b53525b,6276,mehdiloup.eth
0x2bea261da6b9274a57f6cfc1370a33cd585566e9,1114825,moncast
0x8da73dc89f36021064a274f1a9e18b910316ce2e,939084,pinetree
0x183f11c043c4a4d347f529af477dc8d2dddadfaa,6846,mani
0xb9c43c0ca2b282013df27de5e637ff396637ca2c,1127682,0xhohenheim
0xb28ddf2917957f3979d1e597d343c03ea577175d,1021017,bangerboss
0x03c25e5fa3b220f7ad11809149b069856de08e4a,810782,oliseh
0x25fd381698f1e8258d3cc3303d072a4165057cf3,231064,sceneinfra
0xe76c7accd04fe2230d0cc2da4274d8cae56c5d89,768288,jkonchain.eth
0xc611d73a6f1b1e6261dfc4961ecbabb27891418c,515815,playmini
0x1e5bccc2d64fa1c25883a472171284b08a2ad847,409842,deforest
0xc2564e41b7f5cb66d2d99466450cfebce9e8228f,210671,juliomcruz
0xd93a7c5d9ab42d3372332ed99e4c254ef43a5afc,1178864,olivebranch.base.eth
0x6e677a4add4f3d119202bfe3d938269f603910e2,869999,vibesengineering.eth
0x8dfbdeec8c5d4970bb5f481c6ec7f73fa1c65be5,474867,ionoi.eth
0x41f35485dea9e5e7c683d1c6ca650e8179c606ba,628167,dabus.eth
0x7c349f58fb763a61051c44ac69bd45ea87381c77,11167,mtt
0x709fa707ef9f39c296b24133acc325909adad01a,435464,bhavyagor
0x7f81564afd89dc994ce09be4da05fb9219cf3b20,527379,freecast
0xe5cc93d4f410451ae3e75bdc3132ed5ee6722573,14862,skuhl.eth
0x1fe2c7a3547396b97ba07e253e86d614c7157883,1095796,progai
0x43ec0690cbe77a1564eb7bc75a87b6f6eb4c5d4e,1084014,superhotfire
0x837ed68bfed52ba4fa1e6cd67f9d44bbb72c904b,1043778,duelsapp
0x9c68d83c2ea10a2d17baa89d96e51a77d6326b07,1294913,qupaca
0x60f7de1bd2ceb04df103a0b663ff397a4c328e49,192257,gordo
0x401817fe202219e327d6ab3985ddd20bacb7a8d3,1154175,perfectpie
0x864405169b4abca041dda945d2a028703b70585a,453066,theomniacs
0xcc278bfccad2c32afb7ec6867212c2b60c4c847e,578694,clar1k
0x8d9342e7a6d69863c92b41451e19cc860a99ca56,1096857,aux.eth
0x2e79daed7c25ebaf3adc8a097877f48c79dc42f4,7935,thecreative.eth
0x0e96da1080a044911fdece8e85773febd0cc4188,817784,solomonadzape
0x512525345dd37d4439f38f8e407e098b5b66f707,314094,frenshouse.eth
0x4ea10ab1a8da9fa028b1823c09668296b1f7f3bc,192165,maskarachico.eth
0xc25f0bfc89859c7076c5400968a900323b48005d,868767,bayybayss
0xa9c4dbf8b0bf22ba57e0a5d49cb0f802430d15a3,265008,chriswilder
0x38af93c1cfca78f5ae5867b1c3133d68b50feaca,751854,chancey-project
0x65d5b19f9c5302ecf5a5c3f59751f42943a0076a,19778,bayge
0x3680090359870ffb6e492637ed39c47931d7f32f,1403913,meanbot
0xf7d4041e751e0b4f6ea72eb82f2b200d278704a4,265504,avinashnayak
0x8a6e28c45382be6ecab47dc7b6348741fb89e0c1,854507,tokiemonio
0x07fb9bd2979fe65ef3355e7eddd86fe44725dd1b,933844,gianluk.eth
0xd1cb812192c535d2762bf4ad1f1c1d4dee3e383e,418188,keccak0256
0xb6bef37fd1551de45401363069a8c6b79fa5bcf6,15409,kite
0x286155e5c0dc9492780341ea7b442204a0de9331,366895,solodaneth
0xaeef2987a701107c9bed2383f7ba0951444690da,366810,coordinape
0x87dc0ae38adf46e8482faeccd6bbfb33855e3181,1094973,predictbaseapp
0x8c1b218a543ccbd4b069c799c1353b97ce8e7d1c,869099,thedojieth.base.eth
0xeaa823ab4c4ee00283d8ed7be713ddf8a5ba0fac,864793,codexsha
0xb8661b828d86468811cb3bcfc9d39cc0a5576460,1041036,unimon
0xde8842ba095750a4feb16cf9abd2bcbdfff438e5,1097639,supinc
0x362db2ba92cffc20e836ab5706cef3b223ed30f9,294755,vaultsfyi
0xdecc648f29b526b414c400b52186575e430dc9e0,848573,godev
0xb1579537b894c3b6c81ec4200b3bf695d201bb40,444609,commit
0x2376e9c7c604d1827ba9acb1293dc8b4da2f0db3,5114,no12
0x1589f5a7bbf577eee8bea25f6cf394b7055939d0,292194,pablo69420
0x239cc7fd1f85b18da2d3caf60e406167b2c8b972,1014485,podplayr
0x8f435380c444a1c62e2d68dbb1fa2b9fbf1be148,1099179,thepod
0x3265d50549828a58961e5b25ed86111136907eb0,256592,crowdin.eth
0x4a5a30d35cb827ec25be0ae8ac3df4acb82d2b03,1117296,monadboxapp
0x1caa86bbf01542a48fb2a8df638da0c046605c59,213103,entwinedlines
0xeec79613ce679360707a8e8563ecded244a1a938,242434,must-be-ash
0xae04aebf47cf8bb5ac79245d8a8bee71c769d7ab,1025319,clankerbased
0x94b377e428b149a4b9726ac3caa4f4ba6b54b7b0,1078806,saul-games
0x166253cd6857a2e7b4a44a01439e45623641b97b,1076467,dev-simlex
0x4b1ae30a2727edeb7de2a8bb0b1e5b3aa6768002,317323,ninja-dev
0x84d677548b9be8de8096f10ff7d6c3e6187d7196,870594,shomari.eth
0x04aa78cd99a11bbc7b9d4cfe9d5599c0dd81e1f0,990584,gamerjagdish
0x32240e09031f103c634f7d7c19e46e95b90f23c4,388872,emprops-ai
0x92a6414322ba652b9cbbddd7efd01c80cf84068c,1027296,abrahamnavig
0x6bbb89e9bb5252384e060e863ad4bf019b5ff0d2,683477,rarik12344
0x708526567d235d61ef20b3d2e925f1e4882548ed,891361,emmo00
0xdeabdf31ffb6f63651fe17432e9cc5bdfa22d782,703105,veeno
0xe41ef11267c282e4dd95b99113c0e38ccf1a048c,545995,scribbles
0x405b5d38fbe4e9ab74de6564c38f63715a8e3e7c,19504,imggen
0x2852117726872564a8bd973a99238a397b2831bf,1142539,divi280605
0xbc44bce4df3ef6026139a40c35f4270fb4b80d84,240234,trees
0x7f9f6d0ea166a90c7cdfd02d90123fbf34904408,787294,songra.eth
0xb89fe23e363874c2d5fad205a37d11324e154b90,211791,revnet
0x4aa4f65243e2b8bc0e26e5c560bacdf51caf8526,660288,kelvinpraises
0x2d7996e39a5e09aa4af760b0bd927a1a4ed7acd9,338059,turinglabs
0x986702e95c79919c1333d65eb7853e0d278c0e80,239262,union
0x187c1282e3fb78a5f271fd1dd339710661b4d396,387714,eldridge
0x9ab4836c3acfe744e514f0a6f2a2afe8c84a4a0e,740429,hyve-labs
0x9efba52fc0b7447fbab82dda1e7947fdfccf672c,1046369,charlie-xyz
0x7d10a3f252de296bc0b93d22ce0b6d7a5ce09c5f,862092,stonekeepers
0x7ec3a4254415ee8940cadff7c7545fdcb951e552,1040575,deey
0x7e6db9fea735fb76a7ad3043f8ec75a676f8394e,700835,brunoeleodoro
0xa7e4fb151d97b2f9baef5bf3253e4484db0e1c4d,260812,waptik
0x9faaad747e5b50775a9671685adb82ec35a15974,1062236,zekeosborn
0xfa3ef9890d792c7f61e3882dbdd5a8e13394b252,659809,fameladysociety
0x85dddd4ccecc53141a737241940e522fc41fdd9b,946532,pixelcast
0x8ba555be0dd1308b708e308bf660e5f772a254fa,282262,ridethebus
0x4861305205f058c6dffc47aa64c13ea732ae80de,1017681,bolewtf
0x2f297fdadf504201ed191ecf79655cffbb77531d,217706,pablov.eth
0xab27736f9a13d08a0cb2ba569aa246cb0667512d,1062063,joalseca
0x880298c9234180510b4b982197030dfa6535d488,276009,elegant
0xb58a2a3ac703215b049b8885f190bcd085b37a2a,840274,fitclubonbase
0xf01608d9ababa16f9fe12fda7d755f3022a3dcf2,625723,iponikar
0x6c7c578225c746357680e96c6b2f2e2607ab7d02,985330,pupeto
0x31e71c44f012be42380e4e05215e259362051b17,1089410,metengine
0x29c4165b6d280416c4a08ff5a5787c5a469a2f36,316978,socialtradeio.eth
0x918470358938f3434df59af1d85f25c64cd60e4b,218950,ysongh
0xa8d2164de016cdc5658717b20b3b32214c3a72b5,1019504,jeah
0xfd5b1173eecdc6532f4d4ea72e99c50994b4ad95,333278,sekmet
0xa26c2fa4fed4cb0ddbf0c792dbfd7682c4433085,971564,orbiterhost
0x3bce4124103efadb746bea9c71664f1a9d515b79,270950,cruzm
0xd5097b0ad941ec0ddc69c560a55b953d18a8e7b5,400877,creditclub
0x4cfabd1d4b0fd0c8d6f84ed969bbe1398a775855,882587,gainsdotmeme
0xb0cd76fd7569eb2fc6b8cb313039cb89db9aacc2,1149504,simiblade
0x79798e47e48abaca88136d8e084c14c9d67e9125,877153,toykam
0x290e87fe8fe42caa3d95e62eeee0be280f7c5524,897439,blazee
0xb69485d5306532d9f3925c540f4db206c7776e69,1078690,mondaytrade
0x40764db9ccf875808214f36ff944fb8979c773eb,950688,scratches
0x96c7ab8b4d8d647df5f1e2b84f9bf80f842f1f43,787837,pradeep-pilot
0x2f5e423ffc896a97aa1cf48384a74ed523e83c07,445095,enochlee
0x2c03171ca2ee19a6a125d014e00630d035eba25d,1078076,4rash
0x7d0385f1017d14aba7ad01a9e7c1840a0bfe5678,1050646,remibyte
0x43bf6a55302028f582755d99e95ceeeaf32c0cf1,896997,jcluizz
0xc93682bd874e3bb54564e8736562841da68278dd,1040694,duelingbenjos
0x58118c40643c4bbb3510e9f7d6c903847ac83691,442714,mberke.base.eth
0x5d8c1046be8b0d22f83f7e55e243835e60feee97,883020,ump
0x746f63d6f4464d302e4a89b3faea4bd00caba2a9,409637,robdev
0x93fa0e828ab8b72eeee42747de3f9c66d1b43a5c,471215,jeefx.eth
0xbd32e6f1aebb5e5fc6ae456c9f2cab616bb001ad,1086062,onlycastdotfun
0x6fe237b8964a940f5a9fdcf85a0f5833a2358add,1085582,shonalabs
0x2c9083c821aaebb238d851eb00b4fbf2c86ebd99,499205,jxjxjxj
0x9c1f022a81d8ec29cc1864a4511915af690594b4,1060764,fractal-labs
0x0aa8ce7a09edc609bc4e9fdf71c78d9c6d59d29c,1041581,van-vanich
0x5edc00c1df6552438f5d8d66f567488244996ff5,1093181,0xberkxyz
0x6cee8e9d014486c1b56fd3590633bf47a05c6690,1346777,permission
0x9d371ceab923ffd5633e57509cf47c75bd33bfc7,1024871,interspace
0xaa893c49f423fb606d1697b35faba331f70e3d12,787286,monaverse.eth
0x6a9ca9c56f605b937c486acabefdfdfbb86ac9f7,397143,dan13ram.eth
0x1c097ef746693b54f11dedc7e90ed1655fc9ab5b,311868,corigrohman
0x5f9fd25c8a0c7b096ce05fb6eff14d9a9ad339b7,1097360,vault-research
0xdf93b5ec8eb9407f03ff14a2e2b3ee4196fcd8b0,310779,askar
0xbfd7d706136912a97994c5fbfa892ed5847f99ca,1024159,misopaste
0xcd95a77fb530d1599a04953cf5c2bb70e0028aeb,995401,itsthemeg
0x639cc98d09d8a8804b1237afc22dffc1137cbd32,947648,qudusayo
0x0e18be94adc8832a468bcf4c8449dc2b82ed5380,1090912,farcastercraft
0xe80fb3983652f4f385127101301563a313526a7e,1046076,gmfren
0x72dc66d01f83b2ad1cd7d51f9cbd20053fc733b2,1841,martin
0x5981015a92f848c3f554eb5cea8027d77af91106,114,jihad
0xceab0087c5fbc22fb19293bd0be5fa9b23789da9,2802,garrett
0x1eeabef3054bee3904d206f1795d433615d24891,246221,bombaymalayali
0x04b80c3e32b0b2e31380f149fa472ebd157fbec8,222464,metamask
0xb83813993b5bccdc9a538b292470b3901985ea90,2902,falcon
0x7c55eabb4c0b0fdbc75714be4a8faa3992ca57f0,28,alok
0xde206dcdb2054be6e5d3e81b61b8c7cb7a5d2dda,212111,langchain
0xe6adef9101d9694b6fac17b4f1629650768661b1,71,arjun
0x44dfcb14b9bbb5c83ad876fa6e5f165caf586632,206,coopahtroopa.eth
0x9424116b9d61d04b678c5e5eddf8499f88ed9ade,722,jaywooow.eth
0x7911998258fce5b599cb6bd93bfb21855cf31987,734,salvino
0xae8e5f30e60a55fc4d3b5edce95cf857bcb20d70,1180,triumph
0xcc443669de6bc0bc32cabc5e0db5ab0f79f21bbf,1303,chsh.eth
0xd9bccf1d4fe33a19a57923dd3ba69667b0bab9ec,1317,0xdesigner
0xefac5804c8d699503c5a6409ebde96336a48f683,1436,karmawav
0x67097ed6383bf300b50eb82ab0460b99b612c5b4,2558,zaak
0xa5c643df413597dc4ca49823556e7db49eb6e0b2,2859,dannyaranda
0x8f75005973b6395f82e2026af37e9d6864cd0798,3036,dwayne
0x206b0526f4866e7580780015cbacbb4a8dbb8c80,10496,metakan
0x17241363fc0a68602c0d2ce07a9c4bc5d1d478e6,10990,twb
0x0aa9d7cdabe4e035587885338d5aa3615394d22b,11548,mcoso.eth
0x46595c7b0aa8c17be7769da738265d8583a7796d,189830,ffran
0x640aec54de2fcb9b38009fe792b001679a32fa31,191780,agrimony.eth
0x4b9e02d58e33b03b696715a24bcdd77cf5b2703e,213923,lawrency.eth
0x8beba5e1c5d4b2490940fe65ddc133497ec17128,964,nik
0xbc699d1618ac14abf1a63b2ada3f9d182d6dde8f,1079,joshuafisher.eth
0x3f0d4c1ffbb554f4226944be3880697204c0e83d,246115,!246115
0x8199eac560989751e3ab0d621fd3129ec97f063f,1097,noun40
0xf550a69dd6c16c90408721a9b0d22087a68cfa8e,877476,0xarjun
0xdc27179d337a5b89f7cac840974801580d18e05b,14330,uncle
0xdc27179d337a5b89f7cac840974801580d18e05b,14330,uncle
0xb775c8edcdf298d24c2e487b8be7ed9e1ddf8b58,196519,jpegpowell.eth
0x39efcac054b978053b1febaf98b11d6f0ee6dd41,212534,sdkintern.eth
0x8ad214c64109c4727685d195d9515b3665e1bb7d,318307,madlog1c.eth
0x1194d35c1cb7517cc3e7959f393bb726bec0c555,397874,enjoyoor
0xde70bdf7dfe13614d281716813274380a59e3e5d,280243,nosabo
0xac266338ab6813144923c8246cfbd9b028933849,191731,uncledabe
0x366a005c3bb78d92827b28f379462b1dda414fa1,3635,androidsixteen.eth
0xe3348bce3b5a76c946c878d01fb89af1ed38229c,5126,jklb.eth
0x6d560e2b49658ccc21c9a40e79de0b663900b805,419537,capt.eth
0xc64fbea521f29b6a575c00defcea9a34b614189b,402011,stevechoi
0x4d733d31d4723a8357495b56fb5a3852952abf10,400771,ryen
0x21ee84123e83f8179a958e9e0caebc92806998d4,200961,allenj-eth
0x310f92fdb4e499cfa8146c86e0e1ad5ce9e36a4b,263333,clfx.eth
0xe4b9a538ff7dfb784c2f0f8721a5aee647b9db1f,17719,zk3
0xec5fe052c043b497dafed0519ce61139996d7d69,429,czar
0x43464bf1f079b6709cd7febc5bef3bdff68962cc,352068,art2p2
0xe14fbcaf7b7e87cb1bb7ff2db7ee0adbdf8585b5,3300,ywc
0xb944853dd15028f87aaa01e84c075b41b1c71e73,5170,aaren
0xf4844a06d4f995c4c03195afcb5aa59dcbb5b4fc,1430,wijuwiju.eth
0x5272cec3abe93c147f8a4b4aad66dc965e419b12,529565,trogl0dyte
0x1a309f557996f65dbdd4b194db949f5069c7607e,17672,rev
0x980f5484d99fb55626f76d7b8d99e319026c3cda,753969,brettkenny
0x9b86cdc3a011311153cb5b3077fe43deeb19659c,1548992,gjbdog.base.eth
0x87e4c45fb7f28fd1b76c7d0d7811306bc1168420,7085,jac
0xded4257b636fcc216ed4727698152d811ef1130c,862185,aethernet
0x9edb3c32fa6a1a206df009706cbc369a0835ddf1,285,uno
0xa5f9a918fc81a8f19d21acf16547a1b9119513ac,248526,laziest
0x9662985173dd58687488c03eacc2b5b8691775ad,12990,juli
0x2211d1d0020daea8039e46cf1367962070d77da9,99,jesse.base.eth
0xa457cfc722754796296a4f9057c4e5c7a7d3806a,12983,mannahblurke
0xc9504260dd587f4ad57a401de8b6ad382fa7f522,952773,ihelpmyfriends
0x13f670991d138758c9fb8aecc9852d0bfe2dfaed,192300,chrislarsc.eth
0x640aec54de2fcb9b38009fe792b001679a32fa31,191780,agrimony.eth
0xf8096d0e46652770c611f1297dc966fe584aa06a,325710,hazardzista
0xaa3aabd16ac378ff1428b2715217a6b7ec870846,209708,keremg.base.eth
0xf8096d0e46652770c611f1297dc966fe584aa06a,325710,hazardzista
0xe6849e476bf384e7453afdea4cbedbd88975f446,515927,folamier
0x8ec98d09f8af7612fe8f86d28ff4d18da2e39c0a,234869,trist
0x8f655ca3ad2629dd38de8cafa7c20d748a4ec2c2,533,shoni.eth
0x533b6ec5daf135222a1c38afa15baa691410ac63,247683,themanstan
0x37dbc4adbac2e6a6a3a8c513602d70c2a3184127,332319,shartus
0x8bbc7ae932db509c0a23e8ebf035dc2ee53b180a,861815,bitgrass
0x53f5ef103fe565296b88cf33a2a015c1fdc7150d,1108351,higherzip.eth
0x9beadc1297f97fff916a487e49dea1004510c59e,15380,s0tric.eth
0x9e86b0e3b65c2f8eb2fb0efe1c0a4f949f51834f,188434,jackysum
0x7c45ee593dce42ed880d3f85d1e36046b0559b00,272624,wlrui
0xe5e9ffe707ee071998340972af6fb178f5c64ba6,12860,9r1n6c0r3
0x1fb844559d03113e741d075f72499362cb46312f,366966,gigapunk
0x99ab2ce46ed8f5f195c3457eb5334f6e51eb09a2,189620,leoyanzon
0x65b8597ad5ffa55d353b74506c3fe6498f5d5d4a,14299,sdr
0xe60473f538d9bab0936e13842885c31951d23007,331681,jamci
0x05130741f418416d9acc63f5da0bf75a130e75ef,689968,annaprunna
0x19a23d463b4be0945c05ba4e5aa869adcaa55b08,240275,phoebe-heess
0xffd6aa7b901a719514daf255acc6d8cb4ddfa6cc,283726,mobiltekno
0x2cf9f0c9ea9491bbda0a9bd27acbc737b9523884,1381102,lavista
0x4f916ed477dfee3acd816b584be4da309195808e,818736,danxv
0x4566d57011682282e4251014f3422abb91727865,1086581,pablodey4you
0x840753ab6211c4b45ea1feefde507e568e8228b0,1086211,collins081
0x9e87ed0091427e777529c8f31db94f555abb7f24,325751,cyberbond
0xc7053a7b676f36cda1620c12fbd4d8887639ef46,1075331,bojthegod
0xc3dc5f8617a403bfdf6dd43dcddb557f7322980c,461852,kelborhal78
0xd4bd19c24e0be76a2c49734d194bbda5dae2320c,215293,blackicon.eth
0xc40376a8d1b0caecd919fe99b687c2beb6ea2b3e,320015,jimborrowinson
0x3a0ae1369aa75d37c98af2efb8c3e7c0b658d6ee,1047423,adityaranvijay
0xcb6eb98d0533dd42367cd064fc5b988814187527,368412,mferones
0x35e4535b8fb48eb815429104d74b3792d0e730db,252955,itskumman
0x35e4535b8fb48eb815429104d74b3792d0e730db,252955,itskumman
0x4f23f0c3e03c504868578ea19ca609e9bdf97766,1416373,uangreceh
0xcafb0d6b020403c8f58304230d1daddcf5dc7237,1062562,bonledok
0x4484fbc4cb9724662075b3a72d236877d76e75b2,335334,gumusbey
0xc6ee4d9f3bd6ba0288f329aaf19a60407b6ffdae,265909,cryptomantis
0x964456b75b36a091f5d1e32b548c833b0ed4e623,5698,0xcaso
0xd4c2ddda6fc8a7f78bd1e1027ee0f9d55984b992,528707,ghostbo4.eth
0x5370279dfb6908ad796587fed9fbce0030ba5b9d,1355835,billx
0x1e4b751b66949b2c48c96a0a28982a2aaecd605b,4461,limone.eth
0xd0ff42c92dc37120c3d796a27096029a9d905599,2248,bhadoriya
0x5b3a410ecf6f7aa7fcdd47b4844ebabb6be29c42,262091,cryptogallo-eth
0x94f3fcb5bf201612f7211bbfeee3b6e52d364479,1071281,spidbn
0xcd7a8c3c38a0db2113b2d6e1e7949b0b789cdf1e,8333,insure
0x0ab7ea889c5652eda909fb34b68880d5736eacab,1146642,chainsawrara
0x7e43c8e842e8f93d71841c261f8662d722c55f99,548258,bilocan
0xc04fc74c7ff1688f4a767359fe147f63d2039cec,534293,kishimatik1983
0x6c991e623155f1964da4036b4600e3c02b061d4a,248222,anonymouse69
0x2216b7755f4bd2909756c41ddfe8f7c620ff2cea,1116733,visionofweb4
0x197e2a017969dd7972a0a28ffce67234beafef32,438822,kablat.eth
0x09bbbdf8ff6f85fe8b59e5c1168c871a612c2939,17699,mikeel
0xcc27ce1ae5d578ca3420a959dc545abddf64ca49,911629,jaymassive
0x08eef1415335ec79e70cdb94010729194986d928,223778,jerry-d
0xb1c3605e988edaf6386f0e17cc665bda67ea42e2,1395822,ashrafulpalash
0xd0b404edd816260199585423b0449933592909b9,937375,kender7
0x88c80e9056543255ba74cdce107c2f3b3b3a9320,467356,whatax
0xceea9a4d8fd8a96814b215b2598495599d9a9a52,189636,bianc8
0x4fda18e63954104ce8f0a75bd5086e6bcb717557,1327602,alive3
0xd70c771f337a8493ba6fb6eec4ba9d08cf9a1d0c,445796,drmat
0xf8ae7e2541cfc75914c8372d4a16d6de2cda0c40,249405,imdutha
0x4110c5b6d9fabf629c43a7b0279b9969cb698971,16286,frankk
0x346da3233271e9a80981278443324be5dfc55955,249647,je11yf15h
0xc684b45418a5244473f855a9b90996e22319449a,1016350,oly-yve
0xe9a232bd9b42a53d291ba2393bb06ca3b91d1b42,1181268,thebrain
0x80bbb3d85c9ebfc6a3b93fc41b636d558693383b,714863,zingoffic
0x92650ea5154be475db55090c7ce85b999c53ae84,1103506,callguy
0x185f1115e1830c4699cf1eeed75c1dfbfeac6d00,1472224,whahappen.base.eth
0xf90d9375033d4ff284f88fc84ed97a416c6502df,885645,naruto007.eth
0x0f1b0f8bf35ace5b64be7caff4b81ff708746d7a,1462794,zulfadly
0x788f801c8d360f97b30646b1242ce819c77053ec,1114330,yuna2k
0x992d36be8f7a53e88e1182efb29bb5f2a0eb579a,448575,clemzyart
0x5149c944a341e6f3bfba10c55773d7f3acb09127,364420,nathansonic
0x83d6202e0bc39b516d4b8b1770fbe3e4d7561baf,129,phil
0x26a8593ddfa481e8ed4121cde60248e411e18572,2904,wake
0x1e4b751b66949b2c48c96a0a28982a2aaecd605b,4461,limone.eth
0x97e302e2638eb8ac6572598c559e56c7a9b39cdf,9856,0xluo.eth
0xceab0087c5fbc22fb19293bd0be5fa9b23789da9,2802,garrett
0xb9c48bbca0dc356fd19a02b2ee7455154160a8d1,7251,ciniz
0x33be45c761b50f44e966d901fa6d0528a74865e5,247143,kylepatrick.eth
0xad3d6f4934faa8e317de00b6f88a54aecc17b2e3,18570,qt
0x442c463eb4778c1a576d5b80927b429756723014,8942,to
0x812e608fdb6df361d52d63c9220324105afea8b3,899923,shawmakesmagic
0x7c6f3877c942089866b6ca13c2f58e94cfe72978,5713,streetphoto
0x133868a0c6ab3a06702a3dc8c3332fca6c7e3e1d,193158,brydeadhead.eth
0x2da5c03e47afd8d0481d6ce6ca57b8ff319e853b,260,yekim
0x2e5e9c6358c201c4546b971c2b41882585e270df,350139,joshisdead.eth
0x7f159ccef233efcd6a7a82c061fc86ec4f9e55d3,2441,grunt
0x81d29f93a5a55936598411085ea9b171b7e025b4,269091,nickysap
0x14074a4dc440230523a9fb7a0ce6934a6118e7c6,10215,zoo
0xeffdc3b00bd81cec05a5965846831333ef81c308,203751,thosmur
0xfd64f632c7b7954836a19c5c06e65b39a1876b68,209951,swishh.eth
0x9d5471cfcbadd4700f5287125169dfcf6091068b,291686,tatiansa.eth
0x640aec54de2fcb9b38009fe792b001679a32fa31,191780,agrimony.eth
0x527f98b2faadaab5730e43d97727aa94ba922219,279037,khfrhn.eth
0x21a6e51e32ca4d12704e5c380849e525478108d4,4268,marlo
0x036cd064d068eb1d99e07d79848c7a4aab94bd49,9318,catra.eth
0x75e4ddc4546671beb8d6110143f09681f4427e60,13180,lifegoeson
0x5c2703acfe96eeb6f9c12bf364ce7b9288b92207,16851,zazza
0x42ab6bb431ce40507e5943b1debe1dacf1f703f7,418671,itsai
0x0f17863f2d13fbe637215fd3cc1cef2d416422dc,21114,vsck
0xebdbd9c0f93b3bbbafcef90cebf5939693882d50,195916,goyabean-
0x04bf7eee8d2e032750a6d523354abc19889a0683,277644,redphone
0x41dbdf08790aa8969355cae0c6ccb1f4723c33c6,399883,rundle
0x04c8a20ef54940e03688fb095edfc6885a7ac546,318849,mrfuego.eth
0xa53f2087e488225cd73385419989a0f4d9accd6a,247238,shiiiiison.eth
0x031f9faac70bc3b703ced50ebcc3a44735aa31b1,6804,basedsatoshi.eth
0xd00cab88ccd4f3715f81341c6ab8fc1fcd70ce86,335469,airpo
0x35fdf5c07445c4aea78de94970db73053ff64488,16863,kuusho
0xe2350a05267a1164cdbfdc2e48f4a1ba6486532d,17355,degencummunist.eth
0x9cc1e52466a85833546d5541fab682cb22c8bf50,240247,sebas.eth
0xaf587a43939c18a94b6ad591b8f0365c13410c2a,7409,dr3a
0xe4836f9775feb2b46d6cccf831255ab8e6937d26,1075468,warptern
0x2fc9d31b20a9bb3962d13e0ada509d8caa4ee2f1,414347,makkangabba
0x9034d63cc2710df8756b5680593245289933f58a,17555,jrs
0x09a80a434a3ea1e247dabc7ec979b7392f34b510,215589,listen2mm.eth
0xf18a031f5b23cc751d7d90873d129015a3dd0139,21093,tamrat
0xe4659245b1160e399fb4f841fd949cb38d37e9a5,193445,omghax.eth
0xa66951b8c096513d8b1505354cdd602f670be950,361898,karrylady
0x346da3233271e9a80981278443324be5dfc55955,249647,je11yf15h
0x520180b366ec4e23c6a2bca394ad53fa220677c2,522165,redykay
0xb45b1a4c18fd052062de847fc2608b81a6acd8dc,278104,svenjamin.eth
0xbab2c3182aac5d42c4fa9dcf93b0b71111bd82ba,591204,stringer
0x68dc0bb94ee9aeb03ee34aa78405006ed88dffbf,16969,johnson
0xe7912a1fdeb092a6f2efb8472f6cfe09b66da698,18847,semka
0x95ac550ea3ac5764019e6be0fb1096c0598165b6,203754,satoshinaka
0xb6a929fa7ba9c142ba647a1e2903c0fd4b5fd6c6,14009,colton
0x43b62bd1345ad34cb82e90ae2078893aa2f7f04a,1118370,protardio
0x8f6ee583447d75e3b070d9c35db6f685aa9cc319,932921,wlt
0x8261fd209c93a1a205028d5b00ecb3ba52cd4686,281140,arshino.eth
0xca6ab9378ba7230c52a09ea753cc867a28af00e7,241000,jussababy
0x47b31555b97479d9c307f7d318f8852bf30a0f85,1009822,0x0embryo.eth
0x4c3b18013438b5211003fed5d1f9ace5a88e67e6,882676,coty.base.eth
0x5504be00bcf64f6b306bfbdfe0ae133ce9114326,183,koloz
0xb8346274c78ca1065a8146b58c0b5649ef93e200,909038,shazam-meta
0xe0c33898de79f08188589f3c4dde49fbbdea1cb6,1044551,numbtoshi
0x0ac7144f0c2a462e24c9441e8e3fdd6d26c62ac7,955747,cactuslockwood
0x37d2bc9c58a3b5f799a6fd6c6cc352774d76003b,352576,sinedrisk
0x23242985dfe51810eeee6e781441c2ce91365196,773458,om3ga3v3
0x6ea3b97e28f6d65034fb814cda9770a92bea4bf2,847815,dutchess
0x1ded93d1d29b52c968829ed7e901b806ea3af232,342821,racylife
0xb80598601667fd68f2af28ed183dace44bfc6bfe,237466,cousinape
0x96522d1c1e34087c8d37358aaa000cc4a8576c59,1255,cardenas
0x9afcdfe85875240c801226cc6dbdc56ce851c885,203104,matej451
0xf1a04d2eaca742d1e0f64f90759e1cb684e03705,14002,bluelotus77
0xaf30433234f37f43f25407e03a164e194e534737,390261,odysseysssc
0x28edc6c82ee07d242a26a197f9a6036e7f92298f,970279,polishtreefish
0x1c205ff5c9f247bc985a11e208fd1727d4d74b43,4227,tjkawa
0x30d3ca01b143e47a94f64a92fa412ca70787b520,21229,bradymck
0x283505bbbd1f82d3f03da9af99b94b3f008acc5a,536720,kirysha91
0xa5949c7a0f8feefd88fcc9a114ae935ca94c94b8,287634,gamypto
0x83f4d6394b0316e65ca4a6fd32994e6a18421e51,16736,anniceris
0xde886a38ae90c794b155322181ba6d3042f9879a,1022192,shitoshi
0x9180341ab9ae73cbbd15901262ee6daaba0f9e59,355020,iquick
0x2cce8cab6f0d3262ef4ca92a8894b0d172c8e47b,215096,drewbeefy
0x9d08bdbe5526a023a4e31aadad54edb03eb0688a,277138,schumi4092
0x343dd981cb849d2d4171e89fd3b648634dc01e37,1379284,snubs.eth
0xd597987e71fb24785da9ee356b3bf70f86cf4dde,838042,revel
0x1b17d76bf80e3e6c68c7c4d237650b9b781bfc94,496104,zhangdapao
0xc3ff3d2eed0a44c4747c152cdc5f4ee3a6b2ed27,273695,ghostload
0x6b86cd21656ae4ed9a374d0ac82c928299180e5a,1435243,apd21.base.eth
0x55f49875444c1077a88b9e30acd49519c6c2cdeb,382990,chastiefol
0x9ee29eea8fecb27c12a7861d3d95dd0bb7e04ef9,1046154,reefonbase
0xe36d2f95a9b69df60dbf029bf7c4fa7d1ff56b90,3621,horsefacts.eth
0x7b8a343381a5259e3ea54bc35d694449bbc3418d,5431,esdotge
0xdd8a40a15f0fe67d4ec52adf0ee24489e8d8a58a,13874,thedude
0x442c463eb4778c1a576d5b80927b429756723014,8942,to
0x1cee629ceb06538874f30ead124c004cecbeb089,6591,mattlee
0x310f92fdb4e499cfa8146c86e0e1ad5ce9e36a4b,263333,clfx.eth
0xd538c0cda944b1450fa1e353b6a464c190a466fe,191042,atown
0xb26e0d754a8c590afe38248c9f13b820d1243d26,196957,baseddesigner.eth
0x65e3419e633833df1d602e7905cb9c7e541f0849,477126,catfacts.eth
0xfd64f632c7b7954836a19c5c06e65b39a1876b68,209951,swishh.eth
0x9662985173dd58687488c03eacc2b5b8691775ad,12990,juli
0xd4c2ddda6fc8a7f78bd1e1027ee0f9d55984b992,528707,ghostbo4.eth
0x6b5f4ebc6c853206e2e6c319b9b7c2f5f64e6831,7212,bbroad
0x3914142bef098357494c849098594f9cd5602b72,4368,amado
0x85ef9920f0fb60fe75c881c2ceb1c15dabd5f173,16176,mii
0x823d75d25eb186ee67707e925f0d812643970167,18661,raulonastool
0xa0f3bfbcc83de96364cdeabe06cf97fbd640566f,19627,lk
0x2c83e66d7664835e022a58307846bdf7405e4937,4215,sa
0x956fa79b6855a4660fcdce28cdf96c0042e6e2af,217261,duckfacts.eth
0x34dfc08eb3b7ed60d00e5b2cb611ac27c152b45c,389456,borst.eth
0x891161c0fdd4797c79400ca2256a967bd6198450,7988,hurls
0xf791a9ea6b44c1349760f69eff62e9e3b9781c4f,20198,brettdrawsstuff
0x9adb41e0da07e0c87ff7462b19c09bb9e0e36114,300986,asha
0x48ad28b3598665611df7705e5cbb04c167e1b43f,872,alecurtu
0x7b179e79516facb020b94b42c234f3a4901f7933,3828,potato
0x41dbdf08790aa8969355cae0c6ccb1f4723c33c6,399883,rundle
0x087329914f6168cacb590fdda00dbb9a3965bc18,466926,collectorscanyon.eth
0x6b5c5fd6bf5d708c5525131c2fae29c0e4a23009,7408,emush
0x4b5b9e729e5eac50b77fbfc48da84c66f44c87e9,792867,hellia.eth
0x157c45ca10a026d3937945296155bf79091d88b4,378176,nfthreat.eth
0xe0bfa51c54cd194f4c1947088591297e6c1d460d,691362,siyana
0xa8fb97f1e637c06519a1747542d85df5d2bcf8f3,239494,dwwmitry
0x6ce4152e36cb428d489a0af7e0339280b4b46bd3,294090,stustustudio
0xb77508795a4a0e398fc09f8e98862140b0e04c57,213263,croth.eth
0x9034d63cc2710df8756b5680593245289933f58a,17555,jrs
0x58d09f8ae1888ae2844f4f6ab40cd3b359c3b191,518,datadanne.eth
0x99efe315df5419a957fe6e032127c1379bf76424,243792,devinbaker.eth
0x08d3d9673bd4d95e92dfb4457e88624b7a4798d8,8885,jasonmeinzer
0x8ad214c64109c4727685d195d9515b3665e1bb7d,318307,madlog1c.eth
0x0707375efa1288a857640b1c51b4741e1167b9b3,10430,tcw
0x8da555dcb53e65b34a5c86360259601312e59ebb,7263,nuconomy.eth
0xcf5f14453e8566126de16f26637b068e68406756,871,kalelabs
0x8d888326e1e2b6a399b751105339f82476208d5d,914368,tomkey
0x19799bd41684ae7bb0f15cb90c8a5090732ac21a,421585,th1rt3n
0x4df83971f6f1bfd8d33a2e79584bdfde75f4df60,1397,salmanneedsajob.eth
0x8f69c8eb92ed068aa577ce1847d568b39b0d9ebf,1044514,mutheu.base.eth
0x64d366928de21d5a0d514b16ecbd9f2ffdf27ba2,19796,0xantidote.eth
0x0d6bbd5847232af01df3b16c37e2e6d3e0a1bfce,5515,matas
0x68f0ec4646c0cdb7bfc18a1842494a3dfbfe0c2f,355748,2h
0x5215633bca841ba7fb4e7680b32e1f6e5646b9d1,356027,hll
0x64fbec0a8b37b9e2cb251dcc0c8416500d7c8fd6,381957,seungdo.eth
0x304c9c5f1c5416166ba56c075920c344dd298751,892579,codeduniverse
0x1a5895f826fead202488c17dcfd8ceade8aea0a3,259237,og1234
0x12ec7c7bccff28509b9f2c40e59fe21cd2b1b15c,1116035,horsebomb
0x2f637fc90fcfd3bca419be97f0411bc85735ac78,232436,arjr
0x76963ee4c482fa4f9e125ea3c9cc2ea81fe8e8c6,212130,!212130
0x945f390de1f5a00b4fe2c1a51e98b13a886c1eb0,320996,loground
0x596a08a5ba8c7fec6105f192d64305f4fc5b08ff,903908,spawniz
0xe97c29b17ed7d742e3843affa357449fa10a1855,4926,kazani
0x1ddb8d1b5895e99fdc93f16594939b37e3e5eabc,8850,chado
0xa26cac6a82d76936f7bff0b53d25fa26ff893706,12048,mathew.eth
0x924c0a7420cc7add2901da4c651b6efce28bf162,14389,tehangek
0xbbeb4a1078a534fdb60e21d0ab5dc11531e7daa0,17991,bhavesh
0x823d75d25eb186ee67707e925f0d812643970167,18661,raulonastool
0xb9d46814507e356a31b3a50806096142f1c2f0bc,191432,fufu
0x6f1bdf6a93e4d26d0316c62a9dbde0ff553de6d1,1076846,smolemaru
0x83ffbacf8f4d7c265385b3783f1ba01656968e20,1364277,zfeiftocrypto.eth
0xa7ce207e577b7b1ca3ab18f82beeaa63e0335d6f,211275,bornelder.eth
0x2a9585da40de004d6ff0f5f12cfe726bd2f98b52,214746,jvhbo
0x09a80a434a3ea1e247dabc7ec979b7392f34b510,215589,listen2mm.eth
0xbcf421ae5f87c803e37a897c4c61300ee9ee25ff,219165,gourav019
0x67a962ddbeabe4b6c5228796bcdeca2d2e9af395,248216,sartocrates
0x1b608881dd1097061ee5199b4c07921e6ec21735,248408,luckyman007
0x0c37a36ca05f5bcbbe2b405cf56280a46812c6a5,250823,spationaute
0x9c67140ade64577ef6b40bea6a801adf1555a5e8,256729,wrpcst.base.eth
0x9e8b7d013bb060242d31150c900fb31f44681b89,259252,aksh
0xa5bb33a96ea83d05cc44bb6666de900c2cf48cf4,259525,0xclanker.eth
0x568dc476b4af661248caea5f43ba861aee1a03fe,266744,yerusalem.eth
0x1fb0a099b21e6070984c543d1bf84a8c893fb0be,299789,lavaagang.eth
0x0a94dad510eddc67df0553fcf99a32d55b9e3fbf,312016,mikos32.eth
0xeb1b0f30f7bfc870560f7025b29ba35476b6acef,313795,akhikick
0x48adc2890873779d32f615041ec70df9f365ec65,315364,trazor
0x100dd779aed31df2ba1b7cf5c775414464a4309c,316088,punk2th.eth
0x2e5e9c6358c201c4546b971c2b41882585e270df,350139,joshisdead.eth
0x7dcff286f8e45b9a5c31bb990c0007d4ee5f7ec0,388423,skillabsc
0xbcaa503d49e429e22b3c5ebd53dbf31259db6e15,394023,dexxcuyy.eth
0x2d62a3d37e5b201a29d9f08d32ba10b0f512f655,400227,jafor420.eth
0x6851dc5e4af118f7821bb798df56866cd1491f43,409857,yerbearserker
0x59f7926317b460ada675aba7a49cddcad664c23b,412843,superbuu.eth
0xd2db6ab0dc4743a77719b38d9f7196aa32fa519f,421001,birtcorn
0xa8b8787700bc549d9c717104aaa2c4c1cc0b089f,427588,oxyl
0x4fe078d7c565880625bce60a0781dcbcdedaffe1,447459,hanzbase.eth
0x8fb35232fa26bc942d478e8b30f97431038b8214,458767,erikx
0x517ae09200e8b7dcacdea8948bc2a938be199419,501095,basedboys.eth
0x0a1704606b1f78b0fb3598d5a00a00e72ce2892f,615647,legendsword.eth
0x6555acd8a03d0b1ccb57d6fd8ab60414540812b7,621261,pixahead.eth
0x9983678272c8b6f8be60118ae1eca5219718a4eb,645057,ayeshaa917
0x549c84f775c0e10af0ce5f8e2f75fba31f27fd53,714884,marco10
0x81639df46b7f39951c2942b13f0613b8ec17387b,875585,asauchi
0xae83ac4bc0529ed8c196b5aede6d0bfd91f251fb,918783,darkonee420
0x0ac7144f0c2a462e24c9441e8e3fdd6d26c62ac7,955747,cactuslockwood
0x8f7971130abbad9dbe9caf6886c31b64d4504737,1009776,betobutter
0x377eefdc3b7d81482d5b02334202b51bea366ac4,1039801,jolpin
0xbdebbb4b3a6420784e8c176a44e0504c58c35ca7,1039829,soniceth
0x9fa0d188703b5c93a5ad24e79185494bcdf51a5f,1039854,aayhuhhh
0x410983b9c95841990d585ef6230d177eb5e96819,1104026,rizkybegitu
0xf8502ee9a5c2764cb5d050b9cfd5911fcab771e9,1306134,crypel77
0x7c80f82ca4f06736ee9634d1b90efc65559406b2,1101604,zk420
0x2211d1d0020daea8039e46cf1367962070d77da9,99,jesse.base.eth
0xe36d2f95a9b69df60dbf029bf7c4fa7d1ff56b90,3621,horsefacts.eth
0x34520adcaccb7d698a038831ec00bdd8bcd3942f,1689,stephancill
0x633e9ec9fa22f749d2456eebffd12ba37f9be07a,431,j4ck.eth
0xccae25e39c6236591316474099499effb4055d8d,604,emodi
0x47d25240311c444e4534a968c9f0f82d262ae0b4,193334,biggie
0xf35ff7426e2dbe06305e71eaee7e038e6dbac620,1725,sayangel
0xd3654f4bf53103e9cda1b3518d7bd76c97914158,2480,humpty.eth
0x4cc0fb78914b630c8c2da7089c6680e8ebebec1d,6622,dogfacts.eth
0x2eeaa132a480dc7713423f2e3dae6cfc8f584880,828,scottrepreneur.eth
0xe068579e46ca32a7ed3d51f217fcc5a0d829fca0,214447,yes2crypto.eth
0x308112d06027cd838627b94ddfc16ea6b4d90004,15549,dish
0x7aec5b3640b3475b7a28e60dcdf87dced21b2637,6111,funghibull
0x317caa9df65c7ed4e0bdc47244ea8a318a89225a,237973,fffflood
0x27bcc2c052f49a24bf5fff0d4c136ae7d208ee85,1041585,qrcoindotfun
0x43e9c82abbdda1da9cbfe6a294db9ec330592f99,5328,chicbangs.eth
0xad961f0cd5096d4fc8ee07f2722b6c91e370d14f,8476,saintless
0x7caaa93e625a41835870b4a93b40f622aafb6b9c,2139,seanwbren
0xd538c0cda944b1450fa1e353b6a464c190a466fe,191042,atown
0xbc9b50d89af9cbeff1652f8e4b2052e12efe9915,8109,victoctero
0xb26e0d754a8c590afe38248c9f13b820d1243d26,196957,baseddesigner.eth
0xb26e55721f0a8d0ffcdb38dd7b8cd6c44f86640f,2266,ripe
0xd865cd7ccc91f83692ab330981c3e3e9d7a0526a,5254,papa
0x4f60d0ab5a2aff89caa768d60e41496af5c9d444,3827,sqx
0x473109f1db73772c007c24bf18033cd66f3946d0,210698,blankspace
0xb191d130bcd175f535eda2c7c7d51349454f4542,4995,pol
0x1ee345c5d2fa7561cb02b7e8cbe076f96e5e264a,6741,sean07.eth
0xa69bd5f132318a91fab0bca7d001d2040534a4e4,3406,boona
0x6b5f4ebc6c853206e2e6c319b9b7c2f5f64e6831,7212,bbroad
0x964456b75b36a091f5d1e32b548c833b0ed4e623,5698,0xcaso
0x1a0a2abdfe9b18cb81b894d70c08d410ba415c85,21024,terricola.eth
0xe97c29b17ed7d742e3843affa357449fa10a1855,4926,kazani
0x66af91b9760e3fbe0c70a01db2eb39da96a143ac,9198,0xl
0xd66c3603aaeae3d03bc521434aff992a8af6af17,12388,trh
0x8621ffa9fd2b61bfa485798a1082d23dc920e8d1,6786,naaate
0xb3bbad94dd42f0629cc910f6bff8e8ecedcdfd42,243906,know
0x7a090ae8135977f81a8279853bde66b32a829cca,508591,denzooo
0xbcf589eb259fc0c01f3eb979e7b9bb88aa786795,1706,ethandaya
0x195a41d6871b65ed0d1a2eb449ac3d31932a4671,241620,thebc12
0x14d69b81b661d703e21803b4311d345071f37e53,292310,flight
0x157c45ca10a026d3937945296155bf79091d88b4,378176,nfthreat.eth
0x13156270215c4f33162f19c4739b8eba61b4dadc,5260,nishu
0xa8fb97f1e637c06519a1747542d85df5d2bcf8f3,239494,dwwmitry
0x6ce4152e36cb428d489a0af7e0339280b4b46bd3,294090,stustustudio
0x1fbbbb6bc0b66e9bcb4cbb4924f6f49c41f3cfd0,218957,genuinejack
0xa18f30e59722b5d9fbf6bb1de6707da201d88de8,11984,chamaquito.eth
0xeaf650c612e8d0243ddbc15fd15a85622013af71,5037,earth2travis
0xfdc041664250f4137f3f0ce8167646f45e2ee753,268977,einik
0x6475259cc515d99b45574fd870b861bb6eca4d18,263697,angell
0x67493cf7e4e91649fa4e845b78cbc79a50e7b1f7,18908,mpryor.eth
0x0cb57e00757a09d4c4289a4b2e4a70c7ce56903a,617632,higherathletics
0x040acff85a5ae64f73c192613edf6c76ee09a2a5,226915,worden
0x9beadc1297f97fff916a487e49dea1004510c59e,15380,s0tric.eth
0x92786566ad39c88a1599fde9394890a12e20a3fc,338010,melon3.eth
0x49375ce55a19c2ad51e42ca593a1c2127bebd578,21191,dnznjuan
0x4199a93750448bc695e5ecc2835311e615709c81,911234,otterfodder.eth
0x3864689ecf3dcc903c1514b9a48e4c68f6df74fd,21941,hipseynussle.eth
0x9b837da3418ce7e4ae93404a8c368b26de030fe9,290012,andreika
0x19799bd41684ae7bb0f15cb90c8a5090732ac21a,421585,th1rt3n
0x2ee6b9888b0aa1e1bf63bdd7d81bf9ee4eb430f4,1091801,griv
0x76719b13529c67e92788e8e230a7013829ef0fe6,375053,poopin
0xebca92beabf0b941217d177c8f83b743e7df2c4b,316877,aptlab
0xb52e85d8962b874088e4ff146b1e8e46d7422a35,238622,fenkove
0xa68602166638b65f56aeec0ca6a6897b017c0a32,22911,desperato
0xdc2436783976d5fc49c30a2cfb1dd1ead00dffa7,236266,0xtthree
0x1ad24c7db1eaf1edaf87f37600264c264a41643d,336413,nomad-cult
0xad72f28fbd5b37863d5dd5103f058089be3940e4,462627,artsabide
0xd8beacfd631ffb44dabb44a127729b81000c4cf6,244325,0xscandalist.eth
0xe9821d00e727e9f87b8c18910575c0b08640e670,979284,heyztb.eth
0x68f0ec4646c0cdb7bfc18a1842494a3dfbfe0c2f,355748,2h
0xefb429435e10be65471cb0cf0c2d2567be553e04,802223,matthewsizovv.eth
0xe2335b582208cb588f2ac4bf0f7ead2ac12fefc6,883073,highermarket
0x40bdd53703448ecaadf06fab1a3814167df71978,283320,thisiskodiak
0x54f23037a1bd422ae7df2382cdb37677e0ed16a7,370878,boomple
0xedd4e8f3738cb150fa86607c596cf17840b45825,336444,klouder
0xf0d607e25bfdb543f609d05a37d422c07f2f5af7,445060,csixty
0xde70bdf7dfe13614d281716813274380a59e3e5d,280243,nosabo
0x80d8d03a6b44f98443129e172c781d888f398f9f,955889,spreadmaker.eth
0xedde94858195e8a5cc4ed586337a1378bf0b35df,895764,tapp
0xa06ddd6db48da134e1a7ffb31f093cf2d1ff6384,344049,zasod
0x20d4db3be3eb78de24a7be06f8cc5f8ee4ce388e,270067,in2themetaverse
0x4292218ef774ac34f824e25b456630dfd0a543d0,579789,ppoli
0xb903039b64ac1ac8acd4c533ae06bb7c0df94b3b,1091574,pablo911
0x3820e04f4d00a06338b66e9a1c67bc13b7d069d5,484278,artyooom
0xec5fcfb8049cff2d4457d2789723bfa238116f13,353044,woop322
0x899c8f87232663f84728a544bac1cf211cf93356,558649,tianrush
0x2b585891b9bc6183f70e12ae6413280e3304ac07,410304,!410304
0x221d9118c4eba17e2b8edf96178bdc5c8e9f2c54,879129,fomoebbb
0x661e2209b9c6b06c1f32a0639f60d3294185ab35,2,v
0x95ac2ac0f6b0930de572c11f72442516c2a94c55,239,ted
0xdf1ec359a543005d14c412acce13f18fb4d409fd,576,nonlinear.eth
0xe3eec21c2188d449ed806c9301407027ec912bd1,378,colin
0xde282817411d2f3788c858843429d26ba8ee14d4,303,kyle
0x6e7b64003c01c565781099aff53388f5d612f5aa,369,robin
0x65299bd32d80be43404983747eb1c189918f74f4,557,pugson
0x11d5d3f2feccb882947bf8ff6599beb823986e75,194,rish
0xafc29b78320e686820044159e4202700612a1332,473,matthew
0xc82a9d91089781636f790c674e8f44cf8f1f30fc,617,cameron
0xb4b5b945ee9ce2e0333d42aaa87e23b780ca9583,451,pfista
0x56f6b5c392774b7b62d6f62522a74b6af759e421,5774,tldr
0xb2c42d93c1ec6c57b1713e03827369d59866e4b4,1287,july
0xd0636983cdcde7b2daa0f8b4fe67a2305eb92d09,359,pushix
0x3d0438cf16e6bf871d1f28e18b5bb175762f3f7c,472,ccarella.eth
0xa5314a8b66c67cfb2d375972a799df2380e171e1,1321,kepano
0x7e679553092e07e1f20f8d076289036826d97b78,528,0xen
0xdebfff8d45e8e73ac4dbe2b0ed8ad46ad13fd390,373,jayme
0xbd48205f3582a89aa59afa9aff7d7c1e73ed8d96,358,corbin.eth
0x784491bfac767315f27d6ffc0760494e2459ac18,1970,grin
0x8d5044d9ee7cec41eeebef12b749e62e2ab9f131,1356,farcasteradmin.eth
0xb1b21884afe6581f3c4997b0320465f18e9682c0,5818,adrienne
0x46b5b8fc93b65df34e5b6998469ac8e4510bd59c,4378,gigamesh
0x88a99ce848eed55f8ec3df4e8dfa9d1fcca6e2b0,1626,mcbain
0x9fec9815fd45cd64225040b8723d165e82cfe43f,1214,df
0xcaaa26c5498de67466e6823ef69718feb04c2952,4327,cojo.eth
0x252de63173a1258537f86d9f128361065a2c3f12,4923,antimofm.eth
0x49374cb015affb786fce28b24278c65e78478e77,7237,aviationdoctor.eth
0x9c8b9fc1eb5b15f85bdbf5d700ec77869042ff16,108,nick
0xa689168a570e92c8be538aa0dd58a2b241197832,1285,benersing
0x04112585ab6e4e9c4faa7c39e49f9d53a77c4566,1886,billzh
0xc4633629ac2e39d40576d40021103bd448c9236a,350,steph
0xb70ff42080b5e5b28b36a22e110672f5e6fb0dfd,4612,seanhart
0x9353cc2583356ce6ea8f92e239d7c9eb8412acaf,4167,nounishprof
0x1aa17349d51636bd9e1a975c49d2ca8d77622d63,834,gabrielayuso.eth
0x8b3a2504d99417e6cced0a2f9f1e82dd4af36824,143,mk
0xaaac643f572e40e61185d41f67bf8a44cac70df5,3206,yb
0x91fe0ae733a18572f7bdd915c550c779e69d842d,312,les
0x6a48ade3be3f9f0b8b4c9af61bb654a219311699,8004,ahn.eth
0xcb76bc18ca1f412a35f1fcd5e95f6a31de0ca25e,5620,fun
0xd68383beb0f2ae1c9275428032e5ac48fd8f16dd,9135,kugusha.eth
0x3676094f0b23d0f67322cf7801fc204584a3a780,4373,maxp.eth
0xee3ca4dd4ceb3416915eddc6cdadb4a6060434d4,7061,liang
0x4b6db99bddd96ef632101812456c7b40f60b8638,6806,dawufi
0xdae78a782b9c0c4c9cb1371e9594845778e3e508,771,jpren.eth
0x10676738db9601c5af144a17c3a48c8ebda7e353,11528,jrf
0xb7254ce5cb61f69b3fc120b85f0f6b90d871036c,4286,pixel
0x2a2cf73d7fff3af9f56242c76e2b1c6845016e3b,2588,nor
0x0d727aaa187fff3dfb4262164d01f294f9652d82,225,goose
0x55500894b526771c20b317c969392401bc377592,13505,jvaleska.eth
0xcc8df7ab477ea26f7d4d4f2576c673f3e7bc5ed6,4163,kmacb.eth
0x307f9cc8650862e0815adf833b9125f4e0ed4055,5701,chriscocreated
0x8f655ca3ad2629dd38de8cafa7c20d748a4ec2c2,533,shoni.eth
0xd3015cc7496ea1ec539b05347323b1afeeefdcf6,280,vrypan.eth
0x1fb9c75aa58d31264bbfda4bf95ed58627ecd835,10810,gami
0x17dfbf33700c94c0a969fdfbd3f9f3283ccbe4f1,4256,mark
0xda704a20e8e6a8a69026fcbc829da30b2babf27b,1407,zinger
0xc99cc4404d740e00cd3e08b4da13f737779f74bd,9391,ispeaknerd.eth
0x7c467052dc8bd4d02068762213de94930d89d618,412,joeblau
0xef24e64cc9c447c45aff2d574f478e92cd745827,3017,rafi
0x816b5cdc3eff41f4c2bb9dd2a4ccd0debd95d2c5,12912,ir
0xe51f0abdcadaeb97f409a2a7f2c1baff8b4fdfb6,234616,pichi
0x52a457bde54fdeaf72199aa6a62d5c027bc8cbd8,6162,typeof.eth
0x04f33157bfbc472adad0e49c27daeee0cf6a2d1b,9055,usersteen.eth
0xa36422ffe558c588d73c5709d61fa7bd2e4dbf4f,3306,mantej
0xd37abf24c89bb36db9363da3a304a254488e1e02,5283,limes.eth
0x3400da8a66ce6434212d0024ad056a64307b2b1b,7097,m-j-r.eth
0x5fd33369d7209cec57c69e6250adda14f14adf9b,5181,uncledavo
0xa71f3e12fc5b94067b25d288f1d38324fc232abe,1401,jpetrich
0x7dea9100a2aef855f57b2207e09b2b4221d19244,2458,rafa
0x3391173a3b4121e678db6c8069925f5dca733ac9,1657,davidtphung
0xb0a2cca2528a5778388c40a0c87cf9cc2bfa1bcf,311,bgrill.eth
0xd3c2c5edc949b48d5e64486da020c9f52fa502e3,3115,ghostlinkz.eth
0x98305bf1405073c70072e3e10b964d648eaff49c,6227,emr.eth
0xd9191100e4913f4933ff3b6bf6dc84569f8e44e9,4434,chandresh.eth
0xa63c1d7b5030f43e5455150cfc09f116584e2e9e,4904,mc
0x794d961eda9163f46095dc24b6c1a1774b684551,6351,morereese
0x797eebadfaee52acc88a82c148b0d6005ac0d24c,8555,thethriller
0xaa7ed91fc90b9d92b39fa16e1f2016cdb0497b4c,190218,icetoad.eth
0x817102bdac8bbaf6a485c177b4e4c4c1e59de8ea,18586,links
0x56f7b249226310369b4d26f6ad4f598317e7b03f,14364,purp
0x4a71dee1012119aef3d036bfa9261afca9c49919,4753,saxenasaheb
0xa32ad653ddb29aafaf67ca906f7bcee145444746,377,srijan.eth
0x5a4b655f79696e2eea0bb1d8ac2a6e0c69e8b82a,4567,symbiotech
0x05c8f464cbf819e7ed672fff196fd046137e8e7c,4013,luc
0x8b12c50cd806a54686b1dddd9769a8db91e4a861,12144,wbnns
0x1b733924da0584c1c90c39c48feb4317cf477b50,2736,annoushka.eth
0x639236bd41c05089981d25f76755d28db6be7333,3882,hollins
0x2a6b39a5747b2a2a900975a7199abb3e537a68ed,8481,yar0x
0x79d4045276af8025ac957f8bb34a5737bf90a2eb,7657,gregfromstl
0x32bb6859d32b3a9fe434d00bc4c340e3f3a626f0,12256,kia.eth
0x249815e84b81bb23934d4a9e7facee450322b05c,7960,sheldon
0x1d40b66a3811e44a8a9dee7048f6418efd3bdd32,192373,leshka
0xaffc9f6684899efb628d90323adf4d838d2ea740,13893,javabu.eth
0xf622a1072e6bb5d84f88715574786da5f8a0f243,706,lay2000lbs
0x07c67643dc70c0bf4a63538574b33a950aa4a7ed,5448,cmlad.eth
0x572fef3d9a1712c7d449c7e15c335d6860328086,4044,alec.eth
0x355b1a9f48f48bdd2b77607c6aef4a7acd0ddacf,4375,resipsa
0xec5fe052c043b497dafed0519ce61139996d7d69,429,czar
0x791d41b061891e7701461d672a0989abf1bc4005,1855,314yush
0x02f4914fda2289f377fd94e87f195cf912f8152f,315,jomessin
0xdc0bddcba14b6a4529d48291bd45c634f8b17a15,1575,pl
0x70faa7333f352f74452afc24156f171100a0a8ab,4715,logonaut.eth
0x3830c29a83e7b3084f39d8c4229641dba34c732e,5964,francos.eth
0xcbf37605a4a169cb16bf18f01329ef218df32f93,7589,lior
0x44fa7ee5cfaceab384c4f6f5b621c5060cdc7b14,2494,7858.eth
0x6ca9725fc7bf4739464fbdfe704599fc6f6ec2e4,9548,quillingqualia.eth
0x88f54b94732413f79d02e997eb5e91a52523efba,9581,thepark
0x95658eb86aab07f9efb6fd8b36288fa76fa1b735,8113,haardikkk
0x31cf7900b0b3333b1b2f7cfdff14aab3e777a80d,7588,idanlevin
0xf5fff32cf83a1a614e15f25ce55b0c0a6b5f8f2c,1593,thatguyintech
0xb33526ab1a4b9aa7dd92bb6339c1b38f124ab4cc,11161,alexcomeau
0x67df0aa949437cfc9ff2c5cfc0668be596390ba2,1631,aho
0x3cee630075dc586d5bfdfa81f3a2d77980f0d223,6500,starl3xx.eth
0x149cc7e338464e5332bf6313c29c53c0e0712ff7,6815,mishaderidder.eth
0x4cdf4cd30a9fac19d26a8426df2f1ae22616d69d,8471,adam7
0x4f7725c336b73abfb2efcac3f23529d05b3de13f,521,sorenwrenn
0x190895f83a51cf6b5c4471f931aafa2df9152ec4,4290,wagmi
0x1d671d1b191323a38490972d58354971e5c1cd2a,4134,andreitr.eth
0x2e7fabfba4301bd2e340c878387cb7b9a4568cbe,5309,ferran
0x623f893ffeb20c0adf3afeb76b4edbc20246a684,2222,tyson
0x51603c7059f369ab04b16addfb7bb6c4e34b8523,4888,realitycrafter.eth
0x3a517aa55eb3cbdefb351a6a9115b7328c39dca2,12335,chi
0xf7841bc36405092b7661f5c9b01864c622bc445e,4415,jakub
0xcd1ec7cce2932f5a3d7cf0df558058d343d36e46,13267,daddysgotit.eth
0x65756c887590924966fa11d5117abaa11a017c65,847,meesh
0x03ba4147cabcd946e800a0419c45559874a0d522,882,gilles
0x3805b55a7fcd5ba3b271817df37ddd715d1f1de9,932,boop
0x9e1ca01a2d05a9de3088c8e93f221b40c3a01d8f,24128,chris24.eth
0x825a16e69d964879950f8c8c9bd20ced26988cf0,2364,mane
0x9e9ef902dab475e8d4bf7e7480c5ad2631dea2ec,10426,briandoyle81
0x0b01793324b554aaaf239c1812bb58de6bb72b90,16467,dustmrtn.eth
0xedd24a5802596530be67eb841be154b641078b0c,4665,brittkim.eth
0x94fd54e44e0e203b984f53d4d792e42ad1f15a7e,144,rz
0x602ee44e43ef8a9fbc887cfb4a5937f6527d572a,714,ryanrodenbaugh.eth
0x857e080e9e596fc8af87be8530df29eee2bde7fc,290,moonowl.eth
0x031f9faac70bc3b703ced50ebcc3a44735aa31b1,6804,basedsatoshi.eth
0x3c3a20573475879cfee53d4b58d230ec978f1380,13474,skyron.eth
0x86783dd2161c83203e3b6242586dcd91a707b326,3123,pet3rpan
0x653ff8639c2fefb9ee5afa523e2a09b708dad108,10981,nawashi.eth
0x76c28ea7bff511a83e5b90e5ee0a73f02a2c5b73,5745,coulter
0xa6c50dd67ad4df406974a597be7054c35531e4fb,11205,branksypop
0xd4fcd16fe1b0949df923b687ad0387b2e499f7f8,233242,patxol.eth
0x7426caed631103153f4db8b08b2e68e5e344db26,12254,megumii.eth
0x1051611fabb55002201ed71aff34a8dd65bf5743,468,davisshaver
0x0f9cf9fdf97a0472b2059b233557d851a1f4d4b8,15881,mraz125.eth
0xaacd601c5377ddf3f1f41eb1758ba0d2fa2b39bd,11835,joetoledano
0x4f7fbd0446d69c7d17c13eebb2b2cc5a1116c1bd,1298,jacky
0xe638cb3fa853622b2824cbdab3c27b06e8049651,1062,punk
0xdbbfbbe6cbaec06dec0cd4a79c31c70b3f8065cd,189851,charis
0xda7d66a71e251078ae21f9144f4a346c1c655ab9,8220,pal
0x3226ab225e471eebc833e44520945d0ce25f8bb5,8952,littlethings
0xe7e1870f4da107db73c1dfb94d3c435a1c8edafe,3414,drewbeechler
0x6a350820474c322f34ace1f01e9acd0cdda2dc83,4269,zachroth.eth
0xed2d330cd64ca8360cf4f107ca84925a3736ddbb,6791,sonofmosiah.eth
0xb37e5140748c471d53bb85c518b27c1487552cf5,2998,alex-gedevani
0x472723a705b7fdf72c92b97696f26df545ec11f1,2777,alex
0xd7bc71d64c40a980c54041f0292c0ea17166574b,2126,ananthsridhar.eth
0x519a3b670ee0b0521faeb3010da245f329eaf731,9111,deebee
0xa35ccb7a14c9adc8901253f92119b2a9d3b546bc,4724,semui.eth
0x0dcdc4b02cd95440a9c00318ee60da29494aaca8,18038,richmal
0x9d3ea9e9adde71141f4534db3b9b80df3d03ee5f,4743,ccarfi
0x4fe4f54474fd3b1196bf865ae59021bf8b6eb1c9,9710,mbar
0x4e7bee7f1b812fc2a51a6a60403fb87dd64d4c98,27,jon
0x42cb305fc2220782855b6bfaf5081f66c408ea48,8988,molo
0xab2d654586cfcd79127288f926100a01bc41e33b,17106,consecution.eth
0x135c21b2da426760718e39da954974c4572ae9f6,2461,lwsnbaker
0x8968bbc6d309eb7c14fd2b7550dc2ab49130e3fd,4787,messhup
0xca1fd0f572db3215af363ad2eb2c4a34ffb71e13,44,guy
0x5fe6c32f0a54b3302610d1a80bd9f85202b7c1d5,9230,onchainsanti.eth
0x9be0871ed7fb016028e92aabc4a652dab60b1626,187822,seattle
0x33e893e53da2b2f73784c58676398cd0f611156b,24070,tithuhai
0x72100b19dcdfd484b6b540b7c52c437347210a6f,15492,vetal
0x5d27a8fc61d233eb37c0b8509c734a2bcda4e53f,1098,nebula
0x15a1f51bb491636ddc24f3a57c755e2c018a9af5,13229,nfthinker
0x4685bb0077179b45095a3c2a175acd9b3cd59d1c,5,mircea.eth
0xbb07b524bc5f15242e96f3f7aa4900a0778cab36,2615,hypercatcher
0xcdb66e02fb8a19fa3317c9b054aa41fc23fb46e8,12095,kody.eth
0xa152853a2fd32baea46e35288fc371bfe31878f2,13999,shukudaidayo.eth
0x186ea56f0a40c5593a697b3e804968b8c5920ff3,3965,jcs
0xa3ffa86998b4392f2e59821bd0dd5cb879aa197e,1610,bwilde
0xbcda9da41f883de0ba16a8608d0de29faff40410,6090,simmons
0x71b67e02985559e8b4bb6c3dbab4787d7392443a,16948,seaflagcrypto
0x9a73000ab965aee7a7f08f619b74cb0a81b57054,191770,wen-airdrop.eth
0x3705919544a3c8a559c4ea52a0da4bb3db12e488,5289,joshmiller
0xf4620a7e87580e9c1bc0435bfa2ed2e02616e4e1,17005,abstract
0x7b7f471e3af735edd750736471fcc7b093ed1324,1004,bvajresh
0x492f90ba89e3575350a9342273a44de3383e8be2,1727,carlcortright.eth
0x343867aa5359e6f31cc3cc22958523cac9b0d522,4339,meb
0x4b42f3befdaa1cdc3594f10c1f2fcf82a9b0ceb0,2898,ash
0x1f8c7601828455be5925548eb2b35e3933090191,4372,komorebi88
0x05db7c056ce1aea2b5366e50ce3411a55ece3a7a,1629,jacks0n
0xe06e003cdc1f308485ff47f3aa6b4db464eb8587,6422,santiago
0x142e72446e1118789326ac6641dea5444931c145,636,clt
0x581eae649e6326f6a2a27e72f748120f357ce6ab,16598,fffilimonov
0xc8110cb4b880dd7e107391cceebaed93e346086c,4908,kaimi
0xe8217b6e21f63ca4cd66e4c6a165f011b23116d8,1797,kiren
0x9247ceed16bd4d054dcdecb86e87f8cc1aec363f,189312,1a35e1
0x3c53a8a40dfbdaf8cc570ef29f2402b3a833adcf,3708,hexidethmal
0x27867c44fbee202bafdc0ccc6bb8a99fed471003,8711,lucjodet
0x4dcf2cea504ef224c4db65869384ffba60e9d429,11123,nettra.eth
0x9346f483495e09c685b8fc0b1364c4376174efbf,189625,alexwacy
0x4ab9d50ed8e0d2e189e1cb72424234350a826b8a,17827,dragon
0x9393920f71f54d735d401c0cf513a44d433c8516,8168,24
0x678fd9fb8e2cb53f42a97283d4c7a2974d836444,4469,sov
0x68ae1e0d995cc3fcae0d643e67dee1b71962c7a5,277193,saood
0x94b1e74b60b4e3e60ba0832cd8529e13baa0c405,8760,hderek22
0xe90da3e8841318df300d30e4842fc956ffc415c8,210746,raptornews
0x8a691ae64a58a40c627ac44908873e45d94ff85c,294,etekis
0x65836018bd71f96fbdb9e9dc912132cdb4006a63,194346,0xy
0xe8997ea66fcf635a2802636fdbd5354afdf09368,3993,chromuh
0x1f2c7410a7b5e014b129ab976c773e38b7691809,4565,wutwut
0x1b64a35d70d9ec5f6d2495699c26c942079da643,4949,rolfhoefer
0x49e53fb3d5bf1532febad88a1979e33a94844d1d,6144,scriptmoney
0x53bb192bcb42e5eb149c11a7be34deb721c4d452,4283,keliz
0x5ba3426d048810e2c1b7d5a8fe6aa679b93b23eb,6561,andrewa
0xc4c536abbca81884b3d9efe137578e893d27b313,20140,jcoulaud.eth
0x48853becf73dfc47ddd5af10c2449a3cc1ed6a7c,193776,james.eth
0xf3dcb81f7114dc5ecd63509139e499e015fed728,4864,freeatnet
0xda70e6dc48a8a930f6a0c4a91fad3527412a204f,13878,coolestak
0x2d3fe453caaa7cd2c5475a50b06630dd75f67377,5091,cnaut
0xe81f47bf8581a0c8340865f93cc1bb3b6fbc0aac,2714,rhys
0x08757e2556e939e65fb0d0798f6d0dddd9244956,1241,neokry
0x8e5b99debf73918117ae46310b1ed133b8507cb0,7664,jameson
0x730ee2cdfe39463269680f750c560ecbc7051721,5582,raho
0xf81557c294a514c381601a61d3b5c5159c356fdb,233574,dilidegen
0x50843361b564b66044555c1fbe0f19ee16a11397,3027,sterling
0x14b85b1c40056312fde55e1fa1827a92f12b966a,3584,deniz
0xe7078f7399ad10485f7b2904d1101375ddf858d1,485,bind
0x8ee502073126561302cf0686a541fffeb377f381,13928,nvben
0xf7547f9eeb543738e895318b7368c7a23e119c9e,87,mihai
0xe85ae6eaacd15da6585f0b2411a9cfd0926270d4,4802,ho
0xe6ce8064e6620085d55c57797f64e73e9f301ac5,12582,navi3
0xb7b98361c7f9dbec3cca7034590c2e7ab4e9c8da,20618,jazzlisp.eth
0xc0711a6d7c66ab37cc5be404f1a329fb1c217371,9768,fridaysatthepark
0xe9081b69d649e174be461c7861fc42e81a1d9508,10841,pjs
0x8b305a520ab83619cf5b0507bf93d33de65dfe44,11617,abcd
0xda145a782c68876d884dbae135038185dc5037e6,6047,andsor.eth
0x6fcb60afd4944c4c7a688cb8c02c0f2924465e54,640,popp
0xeb3de827f9e3222c47861d9a9eae13152bda9897,16043,eloise
0x6ec9f004b7459b7a65567757f996e3dcc6a37e77,18404,davidcann.eth
0xcdc3b5b9dad9341c90aa39df3da5ddbe6e9cba74,1781,jonbo
0x4c014f33fe0e60a8d290ff925560f63ba2b32045,4216,goldstein
0x3a4e8eabb02f2065519ab9e5d43d1f0391e865c5,4306,mccomb
0x43f9e23e382507ed08496bdf43505bb346daf441,96,s
0x0dd7ee9b1aab06a1e7e7a9daac2e6b6f3a81aa21,264163,roh
0x608aa93e24884351689fb1902f02e011705b6455,6669,nix
0x0073171839c3c2d372861f9870a221b2e7fe7350,6868,16
0xe4baac139f4853695f0b18aff2441e6a8b650097,7808,erico
0x17a3ad632acba0b70d9bcda74229e54070d26bea,21308,fx
0x2918f9aa0c98f5ef68dcda0b86e55f771e3cb357,1283,jacksun.eth
0x29b482446dd1b84b356cb65916d2695992f7bea4,11827,bhgomes
0xa55905b9053bb0710432ae15ed863f97b109393b,11650,jord
0x637284bd7cfd3c4b1081893e594c1dbceb3a430d,5317,off-fleek
0xacc095aaf4fd4f3bf22fae855f102de635707738,1190,kencodes.eth
0x0ad2d4e75f2f98414628505d68283cc5269ad916,252225,akudiwe
0xf93488bc581be1e647ee8c0aaf7c65782308642c,7210,forager
0xf598aadf12a2fc4709b5db0c4c169715efaf2038,9771,fast
0xf440e9201648de9fe306494ab474532adf5e591a,7660,nebulous
0x4c7089521dcedf5968745f0283323790d1a5f0e4,1983,pgold
0x92ed72a3938ea6c6654014830d732e8df6d172f9,8528,cno
0x15998c7738afa340908d7be9e2f99d9e5e21a377,2513,rn
0x78c96fa39497674cf39bfe597e20f0064c8576a3,7584,shehab
0xcf2b7c6bc98bfe0d6138a25a3b6162b51f75e05d,23489,fy
0xda9fcc99b3f242e94e21cdf0576a2bf8b881f5f1,12133,jeannettecollins.eth
0x6b18975f7b0600e5d94b185cd4d2fade7d91eee9,11698,sourcex
0xbe76ef962bcca54fdf07ad387592908e833960d7,11728,songz
0x0e48694d01e5d70c113232655431e2c109345195,3694,siddharthvader
0x985f7c3baf7b800e417927343df9754c7946f1b2,4639,ohmmm.eth
0xc0b969284642b12da7f9ac8114fbeb505cd19422,10020,cavkie
0x3570958b8dcbc4f663f508efcedb454ee9af9516,11946,randhawa.eth
0x726cf686abf1b9880e7934932dd0e653bd2820e8,6881,marios
0x6f62f979f7126069ed4e0cb8ebb493a496559b30,14626,pseudobun.eth
0x48931222e61bb5f2c850c8f41494f33b40341793,17658,b3nnn
0xa3a7fff8a2dc0be7238e6acb9c90e02861c5e8ee,2486,mccoy.eth
0x8e45cba6a518310491ee12fb53adc397c96dfc20,9020,doc
0x498c4514f55f23da0b8b5ae279104fd5ccd1a848,7062,idealexit
0x15da7db75c0ec711d25f83076d9c3bdfe2151676,4954,trotzke
0xd26297b9ef1b16b114b5afff93052146f1820575,20360,savn
0x4fbc3714c370bb5f0dad8abd7b3a0bd4c17e3fba,2510,tomwinzig
0x09c4f3959570c4e46f664c434f71cbfa919b2e27,13678,dhtal
0x75535661ab25a468dfb3137320a7568fecda4832,20925,scoot
0x6cf5de7deb5feb7b211efdf7071c912c6b425bf3,16296,!16296
0xfe84356b062e58cae1bf95ed17685bde49b41399,8319,shaurya
0xd5ff53f48f14e9409b581e41a4cddfe0e97dc724,7132,19
0xd7029bdea1c17493893aafe29aad69ef892b8ff2,188133,!188133
0x9c99bf82fc38713c471d4415f66c8336d361501a,374612,!374612
0x5d98609f4a43ed4d36dae38a58365b352109c7a6,196898,!196898
0x6a7415b36133c6c3957e4772b8009068e170c648,372022,!372022
0x704cf202792341d79a9fd6dd97046aa7ef3f4319,564223,!564223
0xd43cf02bea3b50a188a2cd7b2a8435a493e7440f,21180,!21180
0xf0b919d83e22a9faa8d3277855eef3245daedfad,192311,!192311
0xf26d75b2fc048f1f6c793ae9f939fa0946a0e104,210794,!210794
0x2211d1d0020daea8039e46cf1367962070d77da9,99,jesse.base.eth
0x2b888954421b424c5d3d9ce9bb67c9bd47537d12,10420,lefteris.eth
0xb676bc197ae1ad97ca7fbf869c8f2603bf2b8725,1887,alor
0x6b38079593153baa83f6ade96b86c9d7fec064d1,18989,giuseppe
0x6a48ade3be3f9f0b8b4c9af61bb654a219311699,8004,ahn.eth
0x4a90f5a9401158a70f5f307aa13ff0b0e62c7b51,13089,arjantupan
0x0c65be17e86bcb6019148be0a4e8f0a4510a70cb,8685,markcarey
0x30e5a4e6a52b2d6b891454a0fd04938732c55193,12938,ashmoney.eth
0x7ee0b6ee0eac35170f38161b13cdf1669ea4e53e,20701,chaps
0x8c052651072407067aa37ac69ee91cff578875a1,401441,woawoame
0xdbc2dc13707e93e9c6453b3ad92bdb3cc9541599,392444,stiickz
0x8c4fd873f04a366c5be844ae9a4ade94d8de2160,350698,siablo.eth
0xe134464e1b1bbb9f50abcd4f5aa716ed24841d3a,456555,camilags
0x964456b75b36a091f5d1e32b548c833b0ed4e623,5698,0xcaso
0x08eef1415335ec79e70cdb94010729194986d928,223778,jerry-d
0x4cc7bb518c678e6471b15da5d9469778699957e9,4910,gidwell
0x0e3710947d3021c6ec04a22041f684aeb7b3d0fc,4463,tombornal
0x3516006709b775e01b48dfb5fad355a4e793e347,417418,staraptor.eth
0x5d8c32bb756b46949485c37f4966c8fcc4495565,15032,dnopz
0xeebae1502e1ea135b3aa5cac943ddb74c907586d,307820,mikkidoralives
0xde69a2da109019c3b3ebcca01be673befb1fd595,383508,mooneymillions
0x72614e76ad6465a2136197ed1660f8a06fbbc441,188955,banta
0x967af73e9e731e4a918b4ce4d7e5a53eebc350e1,846229,roseman26
0x6f526d0b48332036094af3c4beabe49db175ff2a,6083,nelsonrodmar
0x9a04f109eeada85003f225b439c701f502c722b8,503182,bim
0x704cc226d514fb5ceb64afb60c7fb832672bd81e,11280,bert
0xee60fa82b4b2a5eed7a8756067f651b6b2d64802,216993,chevapchevapovic
0x51576cd148a92f59bf3c65441756c729fbc9dc5e,325854,runroman
0xb391748bb7aa8be8b3aec883c8a8ed651a404d8f,419404,rien
0xebca92beabf0b941217d177c8f83b743e7df2c4b,316877,aptlab
0xed1d14afb032a6c3c1f35390395a685f6a33aecf,294896,alfie
0xcd7a8c3c38a0db2113b2d6e1e7949b0b789cdf1e,8333,insure
0x2848a27869e4aba27f7fdc7e9e7811067764bc60,1168896,gorikfr
0x82132cae42ffb4dbda864ed0c05110432d280813,465832,jshockyall.base.eth
0x20481f270ef6842c0938219c2a51fe13ec8435bf,320144,paola
0x7f1a97a09a28cad1e8943c0f2e74481d2e93354b,212894,moose
0xae31b49eb509ffef742d9ab3c4c92144ea77561e,388966,xk1
0x2a4bd6cdf84b729f56cd63d1e9c8c4c137d0fdc9,462435,afeez
0xa96e0283d5e4032d8d076affe4ea8e2a5ed2dc8e,1051690,ceo1
0x4d40dcbe5bc4ff6ad3c3425737291c7016a3e886,214570,cav4lier
0x516689dfecbd08e1d80d7f37adcc41def54c6306,333772,surgeonsuresh
0x626522b58b92daf53596f1378bd25b7653c1fc49,238814,sardius
0xf71fa5918db043048b25ccaf1603fdda7c84080b,283030,spacebuddha42.eth
0xaf04ce88ad4b1a505f0542c3f272e7515ef4e1a0,1093617,y8t
0x26d85c9ed5c6cfe6bd13acd25b7aada9193e8caa,465223,pigletfinance
0x668b0dbfdf78788598434ad238cbc3764c0b7412,12623,aaronjmars.eth
0x8f35489d5d15f36182a8302c747fd53df0447fb3,238785,paco420
0xb34638d8af75e9727ceee3a370d6b71a7f35f462,878955,jkcharters
0xaa60fb015b1abc11c7109c9478c446528ad3e5cb,801210,shills
0xf86bd5ac89659ae3a23a629694e8f8926203771a,1143448,prestonbanks
0x85334d857e1dbadc1150c5c4f857ba0dfcc31187,346884,darren.eth
0x6ddba74ef91c9a9f83e8171b5d3c4c0297136590,1323263,jshaner.base.eth
0x381cc779761212344f8400373a994d29e17522c6,541225,xtinct
0x45fc95c80b038641eaf566a34a1195109ace0181,1091011,zhuzhux1111
0x1f805f738d642c5693012979c883684686c6c445,489090,kaladao
0x3e46c3c0bd863429bf108de329f6d56e857a6b5d,480453,mr-riro
0x84d443f4be4a922da429d56a5a2d6f11a5274792,1192259,carlitoswey.base.eth
0x622d3a348827ac05630247470a2b8c54a5d33a52,1090175,kendrys2010
0x1caf2143a1a3785ce43ee56aa51b62d651a91525,399273,ikahq
0xb44baea33299f99fa5f7f00757f983e64975b2c5,398670,vickybro
0x6f1bdf6a93e4d26d0316c62a9dbde0ff553de6d1,1076846,smolemaru
0x8f7971130abbad9dbe9caf6886c31b64d4504737,1009776,betobutter
0x3f84fbdf5601899c250a5cf7515fc7393e78cec0,14771,secret
0x788f801c8d360f97b30646b1242ce819c77053ec,1114330,yuna2k
0xc2badc5dc0866f654022539cd338e22259c9557f,329898,jmaaloe
0x596a08a5ba8c7fec6105f192d64305f4fc5b08ff,903908,spawniz
0x52adb1cacb7af690fee0e20ca9ccde608729947a,14807,alphabet
0x2a9585da40de004d6ff0f5f12cfe726bd2f98b52,214746,jvhbo
0x7c80f82ca4f06736ee9634d1b90efc65559406b2,1101604,zk420
0x0695d9d8a31f33477a873f33d508809ffe1a8fda,320996,loground
0xf3c095d36f76abc3e90c5ebdbf3ebf44ae581970,14775,xebec
0x59fa787b792e309c25c23856fa431bc26b8d7a34,897424,aicaster
0xe97c29b17ed7d742e3843affa357449fa10a1855,4926,kazani
0xc7b22a190e6dc4f1d382b5da5f343b7e6b38247d,398028,katwolfie.eth
0x517aed69de606b3cf120c8f50bc5c932c740fb2a,195117,jacque
0xb902352464ac345c0889374bf873b074ad73a0dd,200375,adnum.base.eth
0xbc9b50d89af9cbeff1652f8e4b2052e12efe9915,8109,victoctero
0xa638bee055e82b5bb51d6e58ac27b20512d5f489,226519,jordanisgreen.eth
0xe9184fcfae04b9e2f154d0d7964415c8479bf394,210045,nicolaus
0x036cd064d068eb1d99e07d79848c7a4aab94bd49,9318,catra.eth
0x15dfd66c95ab57e954b0254f9bd3478d0d16a081,393674,myra
0xabc776e633d3fbfe2192de319bf089ddb47486be,10351,zachharris.eth
0x6c21f4de5d6e83569316873297a62a0f2c495323,373904,anacarolina.eth
0x30e5a4e6a52b2d6b891454a0fd04938732c55193,12938,ashmoney.eth
0xd70a3cab2d8aa7d000412813bc529adb1ebe8e27,211511,cornelia
0xa327474b943f0d5ffb0a9344b2271a5bc120da2e,368853,boxofimagination
0xb524146cc856e163c02ace465f715617e6c177b3,308410,manuwilliams
0xa18f30e59722b5d9fbf6bb1de6707da201d88de8,11984,chamaquito.eth
0x0aadd2e08f1bf4be8b82ca6e402b7b76b3db76e9,15732,kompreni
0xfcd37c73ed836e67543e59690377c354b1f66965,13121,lght.eth
0xb592c340ce7ac05dd6d7249774618dc056ad4a9a,480509,caro.eth
0x17f3c6ef15395a641ac0695b08f0a1eec257f48b,230185,rostyslavbortman.eth
0x8587e190662ac82b17030ebfa9b8cd11a3c6e452,298730,liubou.eth
0x29652b15678190fdaa4f19e474d9a8b0cb281884,385133,misnovi.eth
0x26aa9ff4c4df800d4f1b6714027e7426b210c014,1271386,ffflood
0x14ca358e72c51f7a724b6787091ae7b685bf3b14,7942,lobzztr
0x0f17863f2d13fbe637215fd3cc1cef2d416422dc,21114,vsck
0xbfc5f3a1cf3b2017c2ef766607b6109feba8747d,263373,onchaindom.eth
0x78c377fe09e9a16fc0a4afe2e6a72f9b74ae5b19,6116,sio.eth
0x8a5827705d3c7a27864086e2d10f7e0f233e6b7a,5494,jachian
0x13936b5ebeccb78eeda7c45bc213181f9e6353bc,428513,kunumizzle
0x6a666fc95b2904b61c182982c41c9dfb78bc7adc,431880,basement5k
0xef0ccab0fad80e098d408c65c42513df4442b2aa,1105923,noviana
0xce58261f4df3d64bd00782f5fc6c79fdf575e52a,6852,luisotravez
0x5c3e19a8716c4d5b772a50d6dd134e8edeeb3521,9052,akshaan
0xbf51373c3f03177694610b4066f254efabdf3f9b,262800,itsmide.eth
0xb9ec148790881463aaf07e532bef4bde29ae2e09,338409,0xym0r0n
